Link,Company_Name,Industries,Name,Title,Gender,Predicted Funding,Average predicted funding women,Average predicted funding men
https://app.dealroom.co/companies/uptrek,IJsfontein,"['gaming', 'education']",Thorsten Unger,CEO& Investor,male,12608238.0,"45.058.395,33","47.650.447,89"
https://app.dealroom.co/companies/uptrek,IJsfontein,"['gaming', 'education']",Guido Boogaard,CEO& Investor,male,12608238.0,,
https://app.dealroom.co/companies/uptrek,IJsfontein,"['gaming', 'education']",Hermann Kudlich,Advisor,male,35895712.0,,
https://app.dealroom.co/companies/uptrek,IJsfontein,"['gaming', 'education']",Marvin van Kalsbeek,Co-Founder,male,35895712.0,,
https://app.dealroom.co/companies/uptrek,IJsfontein,"['gaming', 'education']",Hayo Wagenaar,Co-Founder,male,35895712.0,,
https://app.dealroom.co/companies/uptrek,IJsfontein,"['gaming', 'education']",Jan Willem Huisman,Former,male,25415040.0,,
https://app.dealroom.co/companies/uptrek,IJsfontein,"['gaming', 'education']",Richard Lustemberg,Co-Founder,male,25415040.0,,
https://app.dealroom.co/companies/uptrek,IJsfontein,"['gaming', 'education']",Dries Verbruggen,Co-Founder,male,25415040.0,,
https://app.dealroom.co/companies/uptrek,IJsfontein,"['gaming', 'education']",Milagros Aleman,Unknown,female,22188719.0,,
https://app.dealroom.co/companies/uptrek,IJsfontein,"['gaming', 'education']",Sjors van Hedel,Unknown,male,25415040.0,,
https://app.dealroom.co/companies/uptrek,IJsfontein,"['gaming', 'education']",Don Blaauw,Unknown,male,25415040.0,,
https://app.dealroom.co/companies/bright_union,Bright Union,['fintech'],Kiril Ivanov,Co-Founder,male,25415040.0,,
https://app.dealroom.co/companies/bright_union,Bright Union,['fintech'],chris,Co-Founder,female,22188719.0,,
https://app.dealroom.co/companies/nearones_b_v_,NearOnes,['home living'],Toni Lufi,CEO& Co-Founder,female,22188719.0,,
https://app.dealroom.co/companies/nearones_b_v_,NearOnes,['home living'],Yvonne Greeuw,CEO& Co-Founder,female,22188719.0,,
https://app.dealroom.co/companies/gdpr_365,PrivIQ,['legal'],Tai Chesselet,Founder,male,45184660.0,,
https://app.dealroom.co/companies/holiday_sitters,Holiday Sitters,"['travel', 'kids']",Galit Bauer,Co-Founder& COO,female,41958339.0,,
https://app.dealroom.co/companies/holiday_sitters,Holiday Sitters,"['travel', 'kids']",Ela Slutski,Co-Founder& COO,female,41958339.0,,
https://app.dealroom.co/companies/holiday_sitters,Holiday Sitters,"['travel', 'kids']",Ela Slutski,Former,female,41958339.0,,
https://app.dealroom.co/companies/social_links,Social Links,['security'],Andrey Kulikov,Co-Founder,male,28890397.0,,
https://app.dealroom.co/companies/duckdb_labs,DuckDB Labs,['service provider'],Mark Raasveldt,CTO& Co-Founder,male,28890397.0,,
https://app.dealroom.co/companies/duckdb_labs,DuckDB Labs,['service provider'],Hannes Mühleisen,CTO& Co-Founder,male,28890397.0,,
https://app.dealroom.co/companies/floepp,floepp,['robotics'],Jurriaan Vollebregt,Founder,male,28890397.0,,
https://app.dealroom.co/companies/floepp,floepp,['robotics'],Peter Bontenbal,Founder,male,10888616.0,,
https://app.dealroom.co/companies/city_ai,City.AI,['media'],Todd Terrazas,Founder,male,10888616.0,,
https://app.dealroom.co/companies/city_ai,City.AI,['media'],Lesly Zerna,Founder,female,7662296.0,,
https://app.dealroom.co/companies/city_ai,City.AI,['media'],Jovan Stojanovic,Advisor,male,10888616.0,,
https://app.dealroom.co/companies/city_ai,City.AI,['media'],Felipe Contreras,Unknown,male,24019159.0,,
https://app.dealroom.co/companies/city_ai,City.AI,['media'],Daniel Hulme,Unknown,male,24019159.0,,
https://app.dealroom.co/companies/city_ai,City.AI,['media'],Mike Reiner,Unknown,male,47084315.0,,
https://app.dealroom.co/companies/city_ai,City.AI,['media'],Dominik Blattner,CEO& Co-Founder,male,47084315.0,,
https://app.dealroom.co/companies/city_ai,City.AI,['media'],Christoph Auer-Welsbach,CEO& Co-Founder,male,10888616.0,,
https://app.dealroom.co/companies/city_ai,City.AI,['media'],Raphael Danilo,Founder,male,11373844.0,,
https://app.dealroom.co/companies/city_ai,City.AI,['media'],Simona Nickmanova,Co-Founder,female,8147524.0,,
https://app.dealroom.co/companies/city_ai,City.AI,['media'],Filipe Forattini,Co-Founder,male,11373844.0,,
https://app.dealroom.co/companies/wego_1,WeGo,['transportation'],Arun Thampi,CEO& Co-Founder,male,11373844.0,,
https://app.dealroom.co/companies/wego_1,WeGo,['transportation'],Chris Bailey,CEO& Co-Founder,male,47084315.0,,
https://app.dealroom.co/companies/wego_1,WeGo,['transportation'],Peter De Jong,Developer,male,47084315.0,,
https://app.dealroom.co/companies/wego_1,WeGo,['transportation'],Dean Wicks,CTO& Co-Founder,male,47084315.0,,
https://app.dealroom.co/companies/wego_1,WeGo,['transportation'],Matthew Varley,CTO& Co-Founder,male,47084315.0,,
https://app.dealroom.co/companies/wego_1,WeGo,['transportation'],Miron Perel,CEO,male,17611848.0,,
https://app.dealroom.co/companies/wego_1,WeGo,['transportation'],Joachim Holte,Managing Director,male,17611848.0,,
https://app.dealroom.co/companies/wego_1,WeGo,['transportation'],Graham Hills,Managing Director,male,17611848.0,,
https://app.dealroom.co/companies/wego_1,WeGo,['transportation'],Jackson Fernandes,Former Business Development,male,27209485.0,,
https://app.dealroom.co/companies/wego_1,WeGo,['transportation'],Cheah Chu Yeow,Chief Flights Officer,male,27209485.0,,
https://app.dealroom.co/companies/trickle_work,Trickle,['jobs recruitment'],Bo Wesdorp,Co-Founder,male,27209485.0,,
https://app.dealroom.co/companies/trickle_work,Trickle,['jobs recruitment'],Dale Wesdorp,Co-Founder,male,27209485.0,,
https://app.dealroom.co/companies/trickle_work,Trickle,['jobs recruitment'],Nadal Alyafaie,Former Co-Founder,male,27209485.0,,
https://app.dealroom.co/companies/trickle_work,Trickle,['jobs recruitment'],Nica Renoult,Founder,female,22620461.0,,
https://app.dealroom.co/companies/trickle_work,Trickle,['jobs recruitment'],Roos Aduagyei,Founder,female,22620461.0,,
https://app.dealroom.co/companies/compliancewise,ComplianceWise,['fintech'],Maarten Moen,Managing Director& Founder,male,25846781.0,,
https://app.dealroom.co/companies/compliancewise,ComplianceWise,['fintech'],Michiel van der Steeg,Managing Director& Founder,male,25846781.0,,
https://app.dealroom.co/companies/compliancewise,ComplianceWise,['fintech'],Maarten Moen,Former,male,30763445.0,,
https://app.dealroom.co/companies/compliancewise,ComplianceWise,['fintech'],Roman Lukaschuk,Founder,male,30763445.0,,
https://app.dealroom.co/companies/compliancewise,ComplianceWise,['fintech'],Christiaan Dappers,Founder,male,30763445.0,,
https://app.dealroom.co/companies/syllucid_b_v_,Syllucid,"['telecom', 'consumer electronics']",Andrew Appleby,Founder,male,30763445.0,,
https://app.dealroom.co/companies/syllucid_b_v_,Syllucid,"['telecom', 'consumer electronics']",Fabian Huhne,Founder,male,30763445.0,,
https://app.dealroom.co/companies/syllucid_b_v_,Syllucid,"['telecom', 'consumer electronics']",Jess McCulloch,Former,male,30763445.0,,
https://app.dealroom.co/companies/syllucid_b_v_,Syllucid,"['telecom', 'consumer electronics']",Andrew Appleby,Co-Founder,male,30763445.0,,
https://app.dealroom.co/companies/indigo_amsterdam,Indigo Amsterdam,['jobs recruitment'],Jaap van Goch,Owner,male,30763445.0,,
https://app.dealroom.co/companies/indigo_amsterdam,Indigo Amsterdam,['jobs recruitment'],Willem ter Harmsel,Owner,male,-6078078.0,,
https://app.dealroom.co/companies/indigo_amsterdam,Indigo Amsterdam,['jobs recruitment'],Marit Keetman,Unknown,female,-9304399.0,,
https://app.dealroom.co/companies/indigo_amsterdam,Indigo Amsterdam,['jobs recruitment'],Madelon Peters,Owner,female,22620461.0,,
https://app.dealroom.co/companies/indigo_amsterdam,Indigo Amsterdam,['jobs recruitment'],Willem ter Harmsel,Owner,male,25846781.0,,
https://app.dealroom.co/companies/indigo_amsterdam,Indigo Amsterdam,['jobs recruitment'],Jaap van Goch,Owner,male,11698098.0,,
https://app.dealroom.co/companies/taal_in_het_bedrijf,TopTaal,['education'],Monique Deenik,Founder,female,8471778.0,,
https://app.dealroom.co/companies/taal_in_het_bedrijf,TopTaal,['education'],Jeroen Bijman,Founder,male,11698098.0,,
https://app.dealroom.co/companies/taal_in_het_bedrijf,TopTaal,['education'],Bart Deenik,COO,male,17611848.0,,
https://app.dealroom.co/companies/new_industrial_order,New Industrial Order,['fashion'],Rosanne Meer,Founder,female,14385528.0,,
https://app.dealroom.co/companies/new_industrial_order,New Industrial Order,['fashion'],Annelie Ansingh,Founder,female,14385528.0,,
https://app.dealroom.co/companies/new_industrial_order,New Industrial Order,['fashion'],Rosanne van der Meer,Co-Founder,female,27537125.0,,
https://app.dealroom.co/companies/sourcing_eco,Sourcing.eco,"['energy', 'home living']",Mina Amrouche,Co-Founder,female,27537125.0,,
https://app.dealroom.co/companies/sourcing_eco,Sourcing.eco,"['energy', 'home living']",Daria Mishchuk,Co-Founder,female,27537125.0,,
https://app.dealroom.co/companies/sourcing_eco,Sourcing.eco,"['energy', 'home living']",daria,Unknown,female,1521007.0,,
https://app.dealroom.co/companies/sprinklr_co,Sprinklr.co,['home living'],Marcel van der Heijden,Investor,male,4747328.0,,
https://app.dealroom.co/companies/sprinklr_co,Sprinklr.co,['home living'],Marcel van der Heijden,Investor,male,4747328.0,,
https://app.dealroom.co/companies/sprinklr_co,Sprinklr.co,['home living'],Frans Twisk,Investor,male,4747328.0,,
https://app.dealroom.co/companies/sprinklr_co,Sprinklr.co,['home living'],Liedewij Loorbach,Investor,female,1521007.0,,
https://app.dealroom.co/companies/sprinklr_co,Sprinklr.co,['home living'],Melissa das Dores,Investor,female,1521007.0,,
https://app.dealroom.co/companies/sprinklr_co,Sprinklr.co,['home living'],Suzanne van Straaten,Investor,female,34260357.0,,
https://app.dealroom.co/companies/sprinklr_co,Sprinklr.co,['home living'],Derk van Wingerden,Co-Founder& Product Designer,male,37486677.0,,
https://app.dealroom.co/companies/optiply,Optiply,['enterprise software'],David Duwaer,Founder,male,45184660.0,,
https://app.dealroom.co/companies/optiply,Optiply,['enterprise software'],Wiebe Konter,Founder,male,45184660.0,,
https://app.dealroom.co/companies/optiply,Optiply,['enterprise software'],Sander Broek,Former,male,45184660.0,,
https://app.dealroom.co/companies/optiply,Optiply,['enterprise software'],João Fernandes,CEO& Co-Founder,male,11152930.0,,
https://app.dealroom.co/companies/optiply,Optiply,['enterprise software'],Greg Raaijmakers,CEO& Co-Founder,male,11152930.0,,
https://app.dealroom.co/companies/optiply,Optiply,['enterprise software'],Saahil Karkera,CTO& Co-Founder,male,11152930.0,,
https://app.dealroom.co/companies/schnoodle_finance,Schnoodle Finance,['fintech'],Jason Payne.,Former Technical Architect,male,7052464.0,,
https://app.dealroom.co/companies/medical_vr,Medical VR,['health'],Chris Hordijk,Founder,male,7052464.0,,
https://app.dealroom.co/companies/medical_vr,Medical VR,['health'],Chris Hordijk,Founder,male,7052464.0,,
https://app.dealroom.co/companies/switch_datacenters,Switch Datacenters,"['hosting', 'hosting']",Gregor Snip,CEO& Co-Founder,male,7052464.0,,
https://app.dealroom.co/companies/tweetfavy,TweetFavy,['media'],Jerre Baumeister,Unknown,male,7052464.0,,
https://app.dealroom.co/companies/qdxray,QDXray,"['telecom', 'service provider']",Frans Biesheuvel,Co-Founder,male,7052464.0,,
https://app.dealroom.co/companies/qdxray,QDXray,"['telecom', 'service provider']",Sima Chatterjee,Co-Founder,female,8147524.0,,
https://app.dealroom.co/companies/trippur,Trippur,['travel'],Liliana Rosario Lor,CEO& Founder,female,8147524.0,,
https://app.dealroom.co/companies/trippur,Trippur,['travel'],Django Lor,CEO& Founder,male,25403290.0,,
https://app.dealroom.co/companies/worksuite,Worksuite,"['jobs recruitment', 'enterprise software']",Joey Davelaar,Co-Founder& Head of growth,male,25403290.0,,
https://app.dealroom.co/companies/worksuite,Worksuite,"['jobs recruitment', 'enterprise software']",Joey Davelaar,Co-Founder& Head of growth,male,25403290.0,,
https://app.dealroom.co/companies/worksuite,Worksuite,"['jobs recruitment', 'enterprise software']",Tim Jansen,Unknown,male,25403290.0,,
https://app.dealroom.co/companies/worksuite,Worksuite,"['jobs recruitment', 'enterprise software']",Tim Jansen,Co-Founder& Head of growth,male,25403290.0,,
https://app.dealroom.co/companies/worksuite,Worksuite,"['jobs recruitment', 'enterprise software']",Derk Disselhoff,Co-Founder& Head of growth,male,25403290.0,,
https://app.dealroom.co/companies/worksuite,Worksuite,"['jobs recruitment', 'enterprise software']",Derk Disselhoff,Sales& Mentor,male,25403290.0,,
https://app.dealroom.co/companies/worksuite,Worksuite,"['jobs recruitment', 'enterprise software']",Agota,Co-Founder& Data Scientist,female,22176969.0,,
https://app.dealroom.co/companies/cyan_reef,Cyan Reef,['fintech'],Marian Tarnavskyi,Co-Founder,female,22620461.0,,
https://app.dealroom.co/companies/cyan_reef,Cyan Reef,['fintech'],Domile Andruskeviciute,Co-Founder,female,22620461.0,,
https://app.dealroom.co/companies/cyan_reef,Cyan Reef,['fintech'],Marian Tarnavskyi,Business Associate,female,22620461.0,,
https://app.dealroom.co/companies/flexbook,Flexbook,['jobs recruitment'],Diederik Keverling Buisman,Unknown,male,25846781.0,,
https://app.dealroom.co/companies/anyways,Anyways,['transportation'],Ilse Vonk,Former Co-Founder& COO,female,22620461.0,,
https://app.dealroom.co/companies/anyways,Anyways,['transportation'],Wesley Kruijff,Former Co-Founder& COO,male,25846781.0,,
https://app.dealroom.co/companies/referral_factory,Referral Factory,"['media', 'marketing']",Kirsty Sharman,Founder,female,22620461.0,,
https://app.dealroom.co/companies/everywhereim,EverywhereIM,['health'],René Kock,Owner,male,25846781.0,,
https://app.dealroom.co/companies/uncover_legal,Uncover Legal,"['legal', 'enterprise software']",Caroline Zand-Korteweg,Co-Founder,female,22620461.0,,
https://app.dealroom.co/companies/uncover_legal,Uncover Legal,"['legal', 'enterprise software']",Ingrid Van De Pol - Mensing,Co-Founder,female,22620461.0,,
https://app.dealroom.co/companies/uncover_legal,Uncover Legal,"['legal', 'enterprise software']",JC Heyneke,Unknown,male,25846781.0,,
https://app.dealroom.co/companies/ikonospace,Ikonospace,"['real estate', 'marketing']",Joris Demnard,CEO,male,25846781.0,,
https://app.dealroom.co/companies/eensim,Eensim,['telecom'],Jorma De Ronde,Owner,male,25846781.0,,
https://app.dealroom.co/companies/wizzymaps,Wizzymaps,"['media', 'event tech']",Afke Blanksma,Co-Founder& Business Development,female,22620461.0,,
https://app.dealroom.co/companies/wizzymaps,Wizzymaps,"['media', 'event tech']",Bas Kostelijk,Co-Founder& Business Development,female,22620461.0,,
https://app.dealroom.co/companies/kosa_ai,KOSA AI,"['health', 'jobs recruitment']",Sonali Sanghrajka,Co-Founder& CCO,female,22620461.0,,
https://app.dealroom.co/companies/kosa_ai,KOSA AI,"['health', 'jobs recruitment']",Sonali Sanghrajka,Co-Founder& CCO,female,-3106320.0,,
https://app.dealroom.co/companies/kosa_ai,KOSA AI,"['health', 'jobs recruitment']",Layla Li,CSO,female,-3106320.0,,
https://app.dealroom.co/companies/medicpad,Medicpad,['health'],Mihai Draghici,Founder,male,47994455.0,,
https://app.dealroom.co/companies/holland_at_home,Holland at Home,['food'],Lars Heugel,Managing Director& Co-Founder,male,47994455.0,,
https://app.dealroom.co/companies/holland_at_home,Holland at Home,['food'],Wouter van Hilten,Managing Director& Co-Founder,male,47994455.0,,
https://app.dealroom.co/companies/holland_at_home,Holland at Home,['food'],Angela Heykoop,Director,female,44768134.0,,
https://app.dealroom.co/companies/etq_amsterdam,ETQ Amsterdam,['fashion'],Sebastian Monteban,CEO& Founder,male,47994455.0,,
https://app.dealroom.co/companies/etq_amsterdam,ETQ Amsterdam,['fashion'],Patrick Woude,CEO& Founder,male,27209485.0,,
https://app.dealroom.co/companies/etq_amsterdam,ETQ Amsterdam,['fashion'],Patrick van der Woude,Intern,male,27209485.0,,
https://app.dealroom.co/companies/etq_amsterdam,ETQ Amsterdam,['fashion'],Robin Engelen,Co-Founder,male,27209485.0,,
https://app.dealroom.co/companies/bit_academy,BIT academy,['education'],Dennis Berkhof,Co-Founder,male,27209485.0,,
https://app.dealroom.co/companies/bit_academy,BIT academy,['education'],Marco van der Werf,Co-Founder,male,27209485.0,,
https://app.dealroom.co/companies/apochi_bv,Apochi.com,"['travel', 'travel']",Afshin Shirzadi,Co-Founder,male,27209485.0,,
https://app.dealroom.co/companies/noxsleepdrink,NOX Sleep Drink,['food'],Simon Padt,Co-Founder,male,27209485.0,,
https://app.dealroom.co/companies/vraaghugo,Vraaghugo,['legal'],Wanda van Kerkvoorden,Co-Founder,female,-9153488.0,,
https://app.dealroom.co/companies/vraaghugo,Vraaghugo,['legal'],Pim Betist,Co-Founder,male,-5927168.0,,
https://app.dealroom.co/companies/yezzer,Yezzer,['fintech'],Annette Wassenaar,Director& Co-Founder,female,-9153488.0,,
https://app.dealroom.co/companies/yezzer,Yezzer,['fintech'],Adriaan van Loon,Director& Co-Founder,male,-5927168.0,,
https://app.dealroom.co/companies/panda_international,Panda International,['jobs recruitment'],Daisy Tazelaar,Co-Founder& Managing Partner,female,1521007.0,,
https://app.dealroom.co/companies/panda_international,Panda International,['jobs recruitment'],Jay Freeman,Co-Founder& Managing Partner,male,4747328.0,,
https://app.dealroom.co/companies/panda_international,Panda International,['jobs recruitment'],Caitlin Girdwood,Managing Director& Co-Founder,female,1521007.0,,
https://app.dealroom.co/companies/panda_international,Panda International,['jobs recruitment'],Anthony,Managing Director& Co-Founder,female,1521007.0,,
https://app.dealroom.co/companies/green_city_watch,Green City Watch,['energy'],Nadina Galle,Co-Founder,female,1521007.0,,
https://app.dealroom.co/companies/green_city_watch,Green City Watch,['energy'],Jim Groot,Co-Founder,male,4747328.0,,
https://app.dealroom.co/companies/green_city_watch,Green City Watch,['energy'],Chris van Diemen,Strategic Advisor,male,10888616.0,,
https://app.dealroom.co/companies/hello_bike,Hello-Bike,['transportation'],Thomas Graaf,Co-Founder,male,10888616.0,,
https://app.dealroom.co/companies/hello_bike,Hello-Bike,['transportation'],Tijmen De Vries,Co-Founder,male,10888616.0,,
https://app.dealroom.co/companies/pakketmail,PakketMail,['transportation'],Jorn Spiertz,Co-Founder,male,10888616.0,,
https://app.dealroom.co/companies/pakketmail,PakketMail,['transportation'],Mark Bastiaanssen,Co-Founder,male,10888616.0,,
https://app.dealroom.co/companies/pakketmail,PakketMail,['transportation'],Jorn Spiertz,Co-Founder,male,10888616.0,,
https://app.dealroom.co/companies/sensity_ai,Sensity AI (formerly Deeptrace),['security'],Giorgio Patrini,CEO& Chief Scientist,male,105483948.0,,
https://app.dealroom.co/companies/sensity_ai,Sensity AI (formerly Deeptrace),['security'],Francesco Cavalli,CEO& Chief Scientist,male,105483948.0,,
https://app.dealroom.co/companies/sensity_ai,Sensity AI (formerly Deeptrace),['security'],Giorgio Patrini,Co-Founder& COO,male,105483948.0,,
https://app.dealroom.co/companies/sensity_ai,Sensity AI (formerly Deeptrace),['security'],Francesco Cavalli,Co-Founder& COO,male,105483948.0,,
https://app.dealroom.co/companies/assistiveware,AssistiveWare,"['media', 'education']",David Niemeijer,CEO,male,105483948.0,,
https://app.dealroom.co/companies/augmento_1_1,Augmento,['marketing'],Wesley Pabis,Founder,male,105483948.0,,
https://app.dealroom.co/companies/timechimp,TimeChimp,['legal'],Wouter Baltus,Co-Founder,male,105483948.0,,
https://app.dealroom.co/companies/timechimp,TimeChimp,['legal'],Hidde Ottens,Co-Founder,male,105483948.0,,
https://app.dealroom.co/companies/timechimp,TimeChimp,['legal'],Fred Al,Co-Founder,male,105483948.0,,
https://app.dealroom.co/companies/flavourspace,Flavourspace,"['food', 'enterprise software']",Laura Pinilla,CEO& Founder,female,102257627.0,,
https://app.dealroom.co/companies/flavourspace,Flavourspace,"['food', 'enterprise software']",Isaac Esteban,CEO& Founder,male,105483948.0,,
https://app.dealroom.co/companies/flavourspace,Flavourspace,"['food', 'enterprise software']",Ceyhun Burak Akgül,Unknown,male,105483948.0,,
https://app.dealroom.co/companies/flavourspace,Flavourspace,"['food', 'enterprise software']",Vladimir Nedović,Co-Founder,male,105483948.0,,
https://app.dealroom.co/companies/alphadoc,Alphadoc,['enterprise software'],Job Rietbergen,Co-Founder,male,105483948.0,,
https://app.dealroom.co/companies/alphadoc,Alphadoc,['enterprise software'],Hans van Leeuwen,Co-Founder,male,105483948.0,,
https://app.dealroom.co/companies/alphadoc,Alphadoc,['enterprise software'],Daan Stolk,Former,male,105483948.0,,
https://app.dealroom.co/companies/alphadoc,Alphadoc,['enterprise software'],Gabriele D.,CTO,male,105483948.0,,
https://app.dealroom.co/companies/alphadoc,Alphadoc,['enterprise software'],Christian Dahlen,CTO,male,105483948.0,,
https://app.dealroom.co/companies/code_grade,CodeGrade,['education'],Youri Voet,CEO& Co-Founder,male,105483948.0,,
https://app.dealroom.co/companies/code_grade,CodeGrade,['education'],Olmo Kramer,CEO& Co-Founder,male,105483948.0,,
https://app.dealroom.co/companies/code_grade,CodeGrade,['education'],Devin Hillenius,Former Web Developer,male,105483948.0,,
https://app.dealroom.co/companies/code_grade,CodeGrade,['education'],Thomas Schaper,Co-Founder& Development,male,105483948.0,,
https://app.dealroom.co/companies/silatha,Silatha,['wellness beauty'],Veroniek Vermeulen,Founder,female,102257627.0,,
https://app.dealroom.co/companies/silatha,Silatha,['wellness beauty'],Björn Bakker,Founder,male,105483948.0,,
https://app.dealroom.co/companies/fashionpotluck,Fashion Potluck,"['media', 'marketing']",Julia Mitereva,Co-Founder& CMO,female,102257627.0,,
https://app.dealroom.co/companies/grasple,Grasple,"['education', 'enterprise software']",Pim Bellinga,Co-Founder,male,37486677.0,,
https://app.dealroom.co/companies/grasple,Grasple,"['education', 'enterprise software']",Thijs Gillebaart,Co-Founder,male,37486677.0,,
https://app.dealroom.co/companies/grasple,Grasple,"['education', 'enterprise software']",Pim Bellinga,Unknown,male,37486677.0,,
https://app.dealroom.co/companies/grasple,Grasple,"['education', 'enterprise software']",Pim Stuurman,Co-Founder,male,37486677.0,,
https://app.dealroom.co/companies/jasperalblas,Jasperalblas,"['health', 'sports']",Jasper Alblas,Founder,male,37486677.0,,
https://app.dealroom.co/companies/jasperalblas,Jasperalblas,"['health', 'sports']",Dave Clark,Founder,male,37486677.0,,
https://app.dealroom.co/companies/jasperalblas,Jasperalblas,"['health', 'sports']",Jasper Alblas,Former Consultant,male,37486677.0,,
https://app.dealroom.co/companies/sonicbee,SonicBee,"['security', 'enterprise software']",Anne van Naerssen,Co-Founder& CCO,female,34260357.0,,
https://app.dealroom.co/companies/sonicbee,SonicBee,"['security', 'enterprise software']",Patrick Van Der Valk,Co-Founder& CCO,male,37486677.0,,
https://app.dealroom.co/companies/leeruniek,Leeruniek,"['education', 'enterprise software']",Valentin Zberea,Former CTO& Co-Founder,male,37486677.0,,
https://app.dealroom.co/companies/leeruniek,Leeruniek,"['education', 'enterprise software']",Ivan Gunchenko,Former CTO& Co-Founder,male,37486677.0,,
https://app.dealroom.co/companies/leeruniek,Leeruniek,"['education', 'enterprise software']",Jelte de Jongh,Unknown,male,37486677.0,,
https://app.dealroom.co/companies/wasted_lab,The Wasted App,['energy'],Nic Gorini,Co-Founder,male,37486677.0,,
https://app.dealroom.co/companies/wasted_lab,The Wasted App,['energy'],Estelle Roux-Stevens,Co-Founder,female,34260357.0,,
https://app.dealroom.co/companies/wasted_lab,The Wasted App,['energy'],Elisha Weeber,Founder,female,34260357.0,,
https://app.dealroom.co/companies/wasted_lab,The Wasted App,['energy'],Meredith Mogensen,CEO& Co-Founder,female,34260357.0,,
https://app.dealroom.co/companies/wasted_lab,The Wasted App,['energy'],Elisha Weeber,CEO& Co-Founder,female,34260357.0,,
https://app.dealroom.co/companies/magic_sandbox,Magic Sandbox,['education'],Jord van den Hooff,Director,male,37486677.0,,
https://app.dealroom.co/companies/magic_sandbox,Magic Sandbox,['education'],Mislav Stipetic,Director,male,228062202.0,,
https://app.dealroom.co/companies/magic_sandbox,Magic Sandbox,['education'],Ekta Tripathi,Former CEO& Co-Founder,female,224835882.0,,
https://app.dealroom.co/companies/niluk,niluk.app,"['health', 'media']",Elena Kostler,Founder,female,224835882.0,,
https://app.dealroom.co/companies/niluk,niluk.app,"['health', 'media']",Elena Köstler,Founder,female,224835882.0,,
https://app.dealroom.co/companies/niluk,niluk.app,"['health', 'media']",Elena Köstler,Unknown,female,224835882.0,,
https://app.dealroom.co/companies/niluk,niluk.app,"['health', 'media']",Elena Köstler,Unknown,female,224835882.0,,
https://app.dealroom.co/companies/watt_now,Watt-Now,"['energy', 'enterprise software', 'music']",Sjoerd Schouten,Co-Founder,male,228062202.0,,
https://app.dealroom.co/companies/helios_staking,Helios Staking,['fintech'],Kevin Lydon,Managing Director& Founder,male,228062202.0,,
https://app.dealroom.co/companies/helios_staking,Helios Staking,['fintech'],Michael Mckeon,Managing Director& Founder,male,228062202.0,,
https://app.dealroom.co/companies/skialabs,SkiaLabs,['transportation'],Yous Halder van,Co-Founder,male,228062202.0,,
https://app.dealroom.co/companies/skialabs,SkiaLabs,['transportation'],Anastasia Borovykh,Co-Founder,female,224835882.0,,
https://app.dealroom.co/companies/hely,Hely,['transportation'],Robin Eggenkamp,Co-Founder& ScrumMaster,male,228062202.0,,
https://app.dealroom.co/companies/hely,Hely,['transportation'],Maurits Koning,Co-Founder& ScrumMaster,male,228062202.0,,
https://app.dealroom.co/companies/hely,Hely,['transportation'],Jan Paul van Heemskerck van Beest,Advisor,male,228062202.0,,
https://app.dealroom.co/companies/parentally,Parentally,"['health', 'wellness beauty']",Karoll Ramamonjisoa,Unknown,female,224835882.0,,
https://app.dealroom.co/companies/intrical_ai,Intrical AI,['enterprise software'],Gabriele Bani,CTO& Co-Founder,male,228062202.0,,
https://app.dealroom.co/companies/intrical_ai,Intrical AI,['enterprise software'],Alvise Sembenico,CTO& Co-Founder,male,228062202.0,,
https://app.dealroom.co/companies/intrical_ai,Intrical AI,['enterprise software'],Irina Kulizhnikova,Unknown,female,224835882.0,,
https://app.dealroom.co/companies/qusoft,QuSoft,['enterprise software'],PROF. DR. KARELJAN SCHOUTENS,Unknown,nan,226449042.0,,
https://app.dealroom.co/companies/qusoft,QuSoft,['enterprise software'],Harry Buhrman,Unknown,male,-266051.0,,
https://app.dealroom.co/companies/foodimus_b_v_,Foodimus B.V.,['food'],Jeroen Vroemen,Unknown,male,-266051.0,,
https://app.dealroom.co/companies/foodimus_b_v_,Foodimus B.V.,['food'],Jeroen Vroemen,Unknown,male,-266051.0,,
https://app.dealroom.co/companies/foodimus_b_v_,Foodimus B.V.,['food'],Tim Vermeulen,Former Director,male,-266051.0,,
https://app.dealroom.co/companies/lessonleap,LessonLeap,"['education', 'kids']",Anusha Mahalingam,Co-Founder& COO,female,-3492371.0,,
https://app.dealroom.co/companies/lessonleap,LessonLeap,"['education', 'kids']",Deepti Sahi,Co-Founder& COO,female,-3492371.0,,
https://app.dealroom.co/companies/lessonleap,LessonLeap,"['education', 'kids']",Deepti Sahi,Engagement Manager,female,-3492371.0,,
https://app.dealroom.co/companies/videodock,Videodock,['media'],Bauke Freiburg,CTO& Founder,male,47994455.0,,
https://app.dealroom.co/companies/videodock,Videodock,['media'],Bastiaan Niamut,CTO& Founder,male,47994455.0,,
https://app.dealroom.co/companies/videodock,Videodock,['media'],Willem Daems,Managing Director& Owner,male,47994455.0,,
https://app.dealroom.co/companies/videodock,Videodock,['media'],Ron van der Sterren,Technical Director& Founder,male,47994455.0,,
https://app.dealroom.co/companies/videodock,Videodock,['media'],Nick van Ginkel,Technical Director& Founder,male,47994455.0,,
https://app.dealroom.co/companies/qusus,Qusus,"['sports', 'dating']",Johan G,Unknown,male,47994455.0,,
https://app.dealroom.co/companies/qusus,Qusus,"['sports', 'dating']",Jon Whelan,Unknown,male,191220677.0,,
https://app.dealroom.co/companies/qusus,Qusus,"['sports', 'dating']",Jessica Rountree,Former,female,187994357.0,,
https://app.dealroom.co/companies/qusus,Qusus,"['sports', 'dating']",Job Rietbergen,Unknown,male,191220677.0,,
https://app.dealroom.co/companies/biekos,Biekos,['health'],Jeremie ROBERRINI NEVEU,Unknown,male,191220677.0,,
https://app.dealroom.co/companies/figlinq_bv,FiglinQ BV,['enterprise software'],Przemek Krawczyk,Founder,male,191220677.0,,
https://app.dealroom.co/companies/checklist_com,Checklist.com,['enterprise software'],Assaf Nehoray,Unknown,male,191220677.0,,
https://app.dealroom.co/companies/wiyo,WIYO,"['travel', 'travel']",Olga Pantchenko,Co-Founder,female,187994357.0,,
https://app.dealroom.co/companies/participatie_panel,Panel,['jobs recruitment'],Floris De Langen,Co-Founder,male,191220677.0,,
https://app.dealroom.co/companies/participatie_panel,Panel,['jobs recruitment'],Roel Van De Wal,Co-Founder,male,191220677.0,,
https://app.dealroom.co/companies/wiewathaar,WIEWATHAAR,['wellness beauty'],Marit Heemskerk,Partner,female,187994357.0,,
https://app.dealroom.co/companies/pricewise,Pricewise,['fintech'],Mark Hekkelman,CEO& Co-Founder,male,191220677.0,,
https://app.dealroom.co/companies/pricewise,Pricewise,['fintech'],Pauline Brakel,CEO& Co-Founder,female,24073111.0,,
https://app.dealroom.co/companies/pricewise,Pricewise,['fintech'],Hans D,Managing Director,male,27299431.0,,
https://app.dealroom.co/companies/pricewise,Pricewise,['fintech'],Lobke Zuidema,Co-Founder& Chief Product Officer,female,24073111.0,,
https://app.dealroom.co/companies/pricewise,Pricewise,['fintech'],Patrick hennuin,Co-Founder& Chief Product Officer,male,27299431.0,,
https://app.dealroom.co/companies/pricewise,Pricewise,['fintech'],Niels Brolman,Former,male,27299431.0,,
https://app.dealroom.co/companies/pricewise,Pricewise,['fintech'],Renée van der Heijden,CEO& Founder,female,24073111.0,,
https://app.dealroom.co/companies/thereshegoes,ThereSheGoes,['wellness beauty'],Claire Passy,CEO& Co-Founder,female,24073111.0,,
https://app.dealroom.co/companies/thereshegoes,ThereSheGoes,['wellness beauty'],Claire Passy,CEO& Co-Founder,female,24073111.0,,
https://app.dealroom.co/companies/crazy_about_eggs,Crazy about Eggs,['food'],Guido van der Mark,Co-Founder,male,27299431.0,,
https://app.dealroom.co/companies/crazy_about_eggs,Crazy about Eggs,['food'],Jeroen Janssen,Co-Founder,male,10888616.0,,
https://app.dealroom.co/companies/code_orange,Code Orange,['marketing'],Dennis Brand,Co-Founder,male,10888616.0,,
https://app.dealroom.co/companies/code_orange,Code Orange,['marketing'],Ruben Gaalen,Co-Founder,male,10888616.0,,
https://app.dealroom.co/companies/code_orange,Code Orange,['marketing'],Jelle Oskam,Former Senior Software Engineer,male,10888616.0,,
https://app.dealroom.co/companies/code_orange,Code Orange,['marketing'],Jelle Oskam,Co-Founder,male,1408720.0,,
https://app.dealroom.co/companies/code_orange,Code Orange,['marketing'],David Schogt,Co-Founder,male,1408720.0,,
https://app.dealroom.co/companies/code_orange,Code Orange,['marketing'],David Schogt,Business analyst,male,1408720.0,,
https://app.dealroom.co/companies/code_orange,Code Orange,['marketing'],Dennis van den Brand,Founder,male,1408720.0,,
https://app.dealroom.co/companies/code_orange,Code Orange,['marketing'],Tim van Dalen,Founder,male,1408720.0,,
https://app.dealroom.co/companies/mycophilia,Mycophilia,['food'],Wouter Hassing,Founder,male,1408720.0,,
https://app.dealroom.co/companies/mycophilia,Mycophilia,['food'],Marijke Bults,Founder,female,18655301.0,,
https://app.dealroom.co/companies/mycophilia,Mycophilia,['food'],Marijke Bults,Founder,female,18655301.0,,
https://app.dealroom.co/companies/hotelking,HotelKing,['travel'],Patrique van der Valk,Founder,male,11373844.0,,
https://app.dealroom.co/companies/adgoji,Adgoji,"['media', 'marketing']",Willem-Jan S.,Co-Founder,male,11373844.0,,
https://app.dealroom.co/companies/adgoji,Adgoji,"['media', 'marketing']",Willem-Jan S.,Co-Founder,male,11373844.0,,
https://app.dealroom.co/companies/adgoji,Adgoji,"['media', 'marketing']",Willem Schutte,Investor& Founder,male,11373844.0,,
https://app.dealroom.co/companies/adgoji,Adgoji,"['media', 'marketing']",Alexander Elsas,Founder,male,11373844.0,,
https://app.dealroom.co/companies/adgoji,Adgoji,"['media', 'marketing']",Ward de Kruijff,Founder,male,11373844.0,,
https://app.dealroom.co/companies/adgoji,Adgoji,"['media', 'marketing']",Jeroen van Dijk,Co-Founder& Investor,male,11373844.0,,
https://app.dealroom.co/companies/adgoji,Adgoji,"['media', 'marketing']",Alexander van Elsas,Founder,male,11373844.0,,
https://app.dealroom.co/companies/memri,Memri,['security'],Ruben Daniels,Founder,male,11373844.0,,
https://app.dealroom.co/companies/project_fearless,Project Fearless,['education'],Mérida Miller,Unknown,female,8147524.0,,
https://app.dealroom.co/companies/makers_unite,Makers Unite,['fashion'],Ieth Inolino,Co-Founder,nan,9760684.0,,
https://app.dealroom.co/companies/makers_unite,Makers Unite,['fashion'],Thami Schweichler,Co-Founder,male,11373844.0,,
https://app.dealroom.co/companies/makers_unite,Makers Unite,['fashion'],Hester Ezra,Unknown,female,7662296.0,,
https://app.dealroom.co/companies/sally,Sally,['dating'],Kishan Chamman,Founder,male,101286091.0,,
https://app.dealroom.co/companies/sally,Sally,['dating'],Wesley Botman,Founder,male,28890397.0,,
https://app.dealroom.co/companies/yanomo,Yanomo,['marketing'],Ralph De Geus,Founder,male,28890397.0,,
https://app.dealroom.co/companies/yanomo,Yanomo,['marketing'],Juul Manders,Founder,female,25664077.0,,
https://app.dealroom.co/companies/yanomo,Yanomo,['marketing'],Joost Schouten,Founder,male,28890397.0,,
https://app.dealroom.co/companies/yanomo,Yanomo,['marketing'],Jacob van Duijn,Founder,male,28890397.0,,
https://app.dealroom.co/companies/yanomo,Yanomo,['marketing'],Juul Manders,Founder,female,25664077.0,,
https://app.dealroom.co/companies/yanomo,Yanomo,['marketing'],Ralph de Geus,CEO& Founder,male,28890397.0,,
https://app.dealroom.co/companies/we_say_hej,We say HEJ,"['wellness beauty', 'education']",Hanne Gerhards,Co-Founder,female,6357898.0,,
https://app.dealroom.co/companies/we_say_hej,We say HEJ,"['wellness beauty', 'education']",Jennifer Reinhard,Co-Founder,female,6357898.0,,
https://app.dealroom.co/companies/mat_biotech,Mat Biotech,['health'],Shabnam Solati,CEO& Co-Founder,female,6357898.0,,
https://app.dealroom.co/companies/mokum_tech,Mokum Tech B.V.,"['dating', 'dating']",Alon Ben Joseph,Co-Founder,male,11152930.0,,
https://app.dealroom.co/companies/mokum_tech,Mokum Tech B.V.,"['dating', 'dating']",Jonathan Salomon,Co-Founder,male,11152930.0,,
https://app.dealroom.co/companies/epic_growth_1,Epic growth,['enterprise software'],Alex Pisarevsky,Founder,male,41756451.0,,
https://app.dealroom.co/companies/epic_growth_1,Epic growth,['enterprise software'],Olga Kovaliova,Founder,female,38530130.0,,
https://app.dealroom.co/companies/leasemore_nl,Leasemore.nl,"['fintech', 'transportation']",Tim van der Vooren,CEO,male,46403489.0,,
https://app.dealroom.co/companies/leasemore_nl,Leasemore.nl,"['fintech', 'transportation']",Tim van der Vooren,CEO,male,46403489.0,,
https://app.dealroom.co/companies/ekster,Ekster,['fashion'],Wouter Kloosterman,CEO& Founder,male,46403489.0,,
https://app.dealroom.co/companies/ekster,Ekster,['fashion'],Richard Canneman,CEO& Founder,male,46403489.0,,
https://app.dealroom.co/companies/ekster,Ekster,['fashion'],Rick Scharnigg,Former,male,46403489.0,,
https://app.dealroom.co/companies/ekster,Ekster,['fashion'],Olivier Momma,Co-Founder,male,46403489.0,,
https://app.dealroom.co/companies/ekster,Ekster,['fashion'],Olivier Momma,Co-Founder,male,46403489.0,,
https://app.dealroom.co/companies/ekster,Ekster,['fashion'],Akvilė Želnytė,Partner,female,43177169.0,,
https://app.dealroom.co/companies/ekster,Ekster,['fashion'],Rick Scharnigg,Founder,male,46403489.0,,
https://app.dealroom.co/companies/weq_1,WeQ,['enterprise software'],Scott Kennedy,CEO,male,47994455.0,,
https://app.dealroom.co/companies/weq_1,WeQ,['enterprise software'],Ohyoon Kwon,CEO,nan,46381295.0,,
https://app.dealroom.co/companies/weq_1,WeQ,['enterprise software'],Harikishore Sreenivasalu,Marketing,male,47994455.0,,
https://app.dealroom.co/companies/easy_software_deployment,Easy Software Deployment,['fintech'],Luc Franken,Director,male,27209485.0,,
https://app.dealroom.co/companies/easy_software_deployment,Easy Software Deployment,['fintech'],Dereck Breuning,Director,male,27209485.0,,
https://app.dealroom.co/companies/funxtion,Funxtion,['sports'],Mendel Witzenhausen,Co-Founder,male,101286091.0,,
https://app.dealroom.co/companies/funxtion,Funxtion,['sports'],Ernst Neef,Co-Founder,male,101286091.0,,
https://app.dealroom.co/companies/funxtion,Funxtion,['sports'],Rik Beekers,Former Sales Manager,male,101286091.0,,
https://app.dealroom.co/companies/funxtion,Funxtion,['sports'],Danny Woods,CEO& Co-Founder,male,101286091.0,,
https://app.dealroom.co/companies/mobypicture,Mobypicture,['event tech'],Rogier van Duyn,CEO& Founder,male,101286091.0,,
https://app.dealroom.co/companies/mobypicture,Mobypicture,['event tech'],Timan Rebel,CEO& Founder,male,101286091.0,,
https://app.dealroom.co/companies/mobypicture,Mobypicture,['event tech'],Ronald Treur,Former,male,101286091.0,,
https://app.dealroom.co/companies/mobypicture,Mobypicture,['event tech'],Mathys van Abbe,Co-Founder,male,101286091.0,,
https://app.dealroom.co/companies/mobypicture,Mobypicture,['event tech'],Werner Vogels,Co-Founder,male,17611848.0,,
https://app.dealroom.co/companies/mobypicture,Mobypicture,['event tech'],Glenn Wolters,Investor,male,17611848.0,,
https://app.dealroom.co/companies/mobypicture,Mobypicture,['event tech'],Daan van der,Co-Founder,male,17611848.0,,
https://app.dealroom.co/companies/livery_video,Livery Video,['enterprise software'],Frank Oirschot,Co-Founder,male,186039699.0,,
https://app.dealroom.co/companies/livery_video,Livery Video,['enterprise software'],Jeroen Elfferich,Co-Founder,male,186039699.0,,
https://app.dealroom.co/companies/lucius_digital,Lucius Digital,['media'],Henk Cann,Founder,male,11152930.0,,
https://app.dealroom.co/companies/lucius_digital,Lucius Digital,['media'],Joris Snoek,Founder,male,9584219.0,,
https://app.dealroom.co/companies/dedi_co_journeys_for_learning,Dedico,"['travel', 'education']",Mariano Galán,Unknown,male,9584219.0,,
https://app.dealroom.co/companies/dedi_co_journeys_for_learning,Dedico,"['travel', 'education']",mariano galan,Unknown,male,9584219.0,,
https://app.dealroom.co/companies/dedi_co_journeys_for_learning,Dedico,"['travel', 'education']",Dirk Groten,Former Art Director,male,9584219.0,,
https://app.dealroom.co/companies/ortec_1,Ortec,['enterprise software'],Michael Van Duijn,CEO,male,9584219.0,,
https://app.dealroom.co/companies/studyflow,Studyflow,['education'],Edo van Royen,Co-Founder,male,10888616.0,,
https://app.dealroom.co/companies/studyflow,Studyflow,['education'],Alex Iwaniuk,Co-Founder,male,10888616.0,,
https://app.dealroom.co/companies/studyflow,Studyflow,['education'],Marre Kunst,Senior Software Engineer,female,7662296.0,,
https://app.dealroom.co/companies/studyflow,Studyflow,['education'],Tom van Vooren,Senior Software Engineer,male,5971952.0,,
https://app.dealroom.co/companies/studyflow,Studyflow,['education'],Jan Willem Gerritsen,Head of Content,male,46403489.0,,
https://app.dealroom.co/companies/bioscope_health,BioScope Health,"['health', 'education']",Luke Liplijn,Founder,male,46403489.0,,
https://app.dealroom.co/companies/cryptorefills,Cryptorefills,['fintech'],Patrick Bonham,Co-Founder,male,46403489.0,,
https://app.dealroom.co/companies/cryptorefills,Cryptorefills,['fintech'],Mats Veenman,Co-Founder,male,46403489.0,,
https://app.dealroom.co/companies/cryptorefills,Cryptorefills,['fintech'],Simonluca Landi,Product Manager,male,46403489.0,,
https://app.dealroom.co/companies/cryptorefills,Cryptorefills,['fintech'],Massimiliano Silenzi,Director& Founder,male,46403489.0,,
https://app.dealroom.co/companies/cryptorefills,Cryptorefills,['fintech'],Gerry Haag,Director& Founder,male,46403489.0,,
https://app.dealroom.co/companies/cryptorefills,Cryptorefills,['fintech'],Francesca Cappannini,Unknown,female,43177169.0,,
https://app.dealroom.co/companies/venopi,Venopi,['event tech'],Ivana Setiawan,CEO,female,43177169.0,,
https://app.dealroom.co/companies/poki,Poki,['gaming'],Sebastiaan Moeys,Co-Founder,male,46403489.0,,
https://app.dealroom.co/companies/poki,Poki,['gaming'],Michiel van Amerongen,Co-Founder,male,46403489.0,,
https://app.dealroom.co/companies/crystal_blockchain,Crystal Blockchain,"['legal', 'fintech']",Armin Ranjbar,Co-Founder,male,46403489.0,,
https://app.dealroom.co/companies/crystal_blockchain,Crystal Blockchain,"['legal', 'fintech']",Marina Khaustova,Co-Founder,female,43177169.0,,
https://app.dealroom.co/companies/crystal_blockchain,Crystal Blockchain,"['legal', 'fintech']",Kyrylo Chykhradze,Co-Founder,male,11152930.0,,
https://app.dealroom.co/companies/squall,Squall (GreenA),['food'],Robert Bonn,Unknown,male,11152930.0,,
https://app.dealroom.co/companies/blue_feniks,Blue Feniks,"['jobs recruitment', 'enterprise software']",Bibi Schmidt,Founder,female,7926610.0,,
https://app.dealroom.co/companies/bugaboo_international_b_v_,Bugaboo International B.V.,['kids'],Maarten Sluyter,COO,male,11152930.0,,
https://app.dealroom.co/companies/bugaboo_international_b_v_,Bugaboo International B.V.,['kids'],Berend Rijnsdorp,COO,male,11152930.0,,
https://app.dealroom.co/companies/bugaboo_international_b_v_,Bugaboo International B.V.,['kids'],Onno Heumen,COO& Chief Operating Officer,male,11152930.0,,
https://app.dealroom.co/companies/bugaboo_international_b_v_,Bugaboo International B.V.,['kids'],Kibet Kipkemoi,COO,male,11152930.0,,
https://app.dealroom.co/companies/bugaboo_international_b_v_,Bugaboo International B.V.,['kids'],Fleur Schraven,COO,female,7926610.0,,
https://app.dealroom.co/companies/bugaboo_international_b_v_,Bugaboo International B.V.,['kids'],Eric Weenink,Former Mentor,male,10888616.0,,
https://app.dealroom.co/companies/bugaboo_international_b_v_,Bugaboo International B.V.,['kids'],Mitch Roedoe,Founder,male,10888616.0,,
https://app.dealroom.co/companies/stormcis_design,StormCIS Design,"['media', 'marketing']",Candice Storm,Founder,female,7662296.0,,
https://app.dealroom.co/companies/social_shop,Social Shop (Member get member),['marketing'],Adriaan Rossum,Founder,male,10888616.0,,
https://app.dealroom.co/companies/social_shop,Social Shop (Member get member),['marketing'],Viresh narain,Founder,male,10888616.0,,
https://app.dealroom.co/companies/social_shop,Social Shop (Member get member),['marketing'],Sander Dullaart,Unknown,male,10888616.0,,
https://app.dealroom.co/companies/dakdokters,Dakdokters,"['real estate', 'energy']",Friso Klapwijk,Director,male,10888616.0,,
https://app.dealroom.co/companies/songvice,Songvice,"['music', 'education', 'music']",Tiago Martins,CTO& Co-Founder,male,10888616.0,,
https://app.dealroom.co/companies/songvice,Songvice,"['music', 'education', 'music']",Pedro Silva,CTO& Co-Founder,male,10888616.0,,
https://app.dealroom.co/companies/songvice,Songvice,"['music', 'education', 'music']",Luís Dias,CEO,male,9978476.0,,
https://app.dealroom.co/companies/songvice,Songvice,"['music', 'education', 'music']",Barney Graman,Co-founder & Content Director,male,9978476.0,,
https://app.dealroom.co/companies/songvice,Songvice,"['music', 'education', 'music']",Henrique Caiano,Co-founder & Content Director,male,21881621.0,,
