Name,Title,Company name,Link,Gender
Thorsten Unger,CEO& Investor,IJsfontein,https://app.dealroom.co/companies/uptrek,male
Guido Boogaard,CEO& Investor,IJsfontein,https://app.dealroom.co/companies/uptrek,male
Hermann Kudlich,Advisor,IJsfontein,https://app.dealroom.co/companies/uptrek,male
Marvin van Kalsbeek,Co-Founder,IJsfontein,https://app.dealroom.co/companies/uptrek,male
Hayo Wagenaar,Co-Founder,IJsfontein,https://app.dealroom.co/companies/uptrek,male
Jan Willem Huisman,Former,IJsfontein,https://app.dealroom.co/companies/uptrek,male
Richard Lustemberg,Co-Founder,IJsfontein,https://app.dealroom.co/companies/uptrek,male
Dries Verbruggen,Co-Founder,IJsfontein,https://app.dealroom.co/companies/uptrek,male
Milagros Aleman,Unknown,IJsfontein,https://app.dealroom.co/companies/uptrek,female
Sjors van Hedel,Unknown,IJsfontein,https://app.dealroom.co/companies/uptrek,male
Don Blaauw,Unknown,IJsfontein,https://app.dealroom.co/companies/uptrek,male
Kiril Ivanov,Co-Founder,Bright Union,https://app.dealroom.co/companies/bright_union,male
chris,Co-Founder,Bright Union,https://app.dealroom.co/companies/bright_union,female
Wouter Klaase,Co-Founder,Welectric,https://app.dealroom.co/companies/welectric_,male
Ivo Brandsma,Co-Founder,Welectric,https://app.dealroom.co/companies/welectric_,male
Toni Lufi,CEO& Co-Founder,NearOnes,https://app.dealroom.co/companies/nearones_b_v_,female
Yvonne Greeuw,CEO& Co-Founder,NearOnes,https://app.dealroom.co/companies/nearones_b_v_,female
Joep Annega,Founder,Uni-Life,https://app.dealroom.co/companies/uni_life,male
Thomas Smulders,Founder,Uni-Life,https://app.dealroom.co/companies/uni_life,male
Joep Annega,Co-Founder& COO,Uni-Life,https://app.dealroom.co/companies/uni_life,male
Elise Mol,Co-Founder,Ikbenfrits,https://app.dealroom.co/companies/ikbenfrits,female
Joost Schulze,Co-Founder,Ikbenfrits,https://app.dealroom.co/companies/ikbenfrits,male
Thomas de Leeuw,Former,Ikbenfrits,https://app.dealroom.co/companies/ikbenfrits,male
Michiel Lensink,Co-Founder,Ikbenfrits,https://app.dealroom.co/companies/ikbenfrits,male
Hans De Back,Co-Founder,Ikbenfrits,https://app.dealroom.co/companies/ikbenfrits,male
Nina Meiling,Assistant,Ikbenfrits,https://app.dealroom.co/companies/ikbenfrits,female
Michiel,Co-Founder,Ikbenfrits,https://app.dealroom.co/companies/ikbenfrits,female
Linda Bouma,Co-Founder,Ikbenfrits,https://app.dealroom.co/companies/ikbenfrits,female
Niek Veendrick,Co-Founder,Ikbenfrits,https://app.dealroom.co/companies/ikbenfrits,male
Amrita Ramsaransing,Co-Founder,Brxs,https://app.dealroom.co/companies/brxs,female
Tai Chesselet,Founder,PrivIQ,https://app.dealroom.co/companies/gdpr_365,male
Galit Bauer,Co-Founder& COO,Holiday Sitters,https://app.dealroom.co/companies/holiday_sitters,female
Ela Slutski,Co-Founder& COO,Holiday Sitters,https://app.dealroom.co/companies/holiday_sitters,female
Ela Slutski,Former,Holiday Sitters,https://app.dealroom.co/companies/holiday_sitters,female
Andrey Kulikov,Co-Founder,Social Links,https://app.dealroom.co/companies/social_links,male
Mark Raasveldt,CTO& Co-Founder,DuckDB Labs,https://app.dealroom.co/companies/duckdb_labs,male
Hannes Mühleisen,CTO& Co-Founder,DuckDB Labs,https://app.dealroom.co/companies/duckdb_labs,male
Jurriaan Vollebregt,Founder,floepp,https://app.dealroom.co/companies/floepp,male
Peter Bontenbal,Founder,floepp,https://app.dealroom.co/companies/floepp,male
Todd Terrazas,Founder,City.AI,https://app.dealroom.co/companies/city_ai,male
Lesly Zerna,Founder,City.AI,https://app.dealroom.co/companies/city_ai,female
Jovan Stojanovic,Advisor,City.AI,https://app.dealroom.co/companies/city_ai,male
Felipe Contreras,Unknown,City.AI,https://app.dealroom.co/companies/city_ai,male
Daniel Hulme,Unknown,City.AI,https://app.dealroom.co/companies/city_ai,male
Mike Reiner,Unknown,City.AI,https://app.dealroom.co/companies/city_ai,male
Dominik Blattner,CEO& Co-Founder,City.AI,https://app.dealroom.co/companies/city_ai,male
Christoph Auer-Welsbach,CEO& Co-Founder,City.AI,https://app.dealroom.co/companies/city_ai,male
Raphael Danilo,Founder,City.AI,https://app.dealroom.co/companies/city_ai,male
Simona Nickmanova,Co-Founder,City.AI,https://app.dealroom.co/companies/city_ai,female
Filipe Forattini,Co-Founder,City.AI,https://app.dealroom.co/companies/city_ai,male
Timothée Manschot,Founder,NoWatch,https://app.dealroom.co/companies/nowatch,male
Hylke Muntinga,Founder,NoWatch,https://app.dealroom.co/companies/nowatch,male
Michiel Koning,Board Member,NoWatch,https://app.dealroom.co/companies/nowatch,male
Chris van Voorden,CEO& Founder,NoWatch,https://app.dealroom.co/companies/nowatch,male
Arun Thampi,CEO& Co-Founder,WeGo,https://app.dealroom.co/companies/wego_1,male
Chris Bailey,CEO& Co-Founder,WeGo,https://app.dealroom.co/companies/wego_1,male
Peter De Jong,Developer,WeGo,https://app.dealroom.co/companies/wego_1,male
Dean Wicks,CTO& Co-Founder,WeGo,https://app.dealroom.co/companies/wego_1,male
Matthew Varley,CTO& Co-Founder,WeGo,https://app.dealroom.co/companies/wego_1,male
Miron Perel,CEO,WeGo,https://app.dealroom.co/companies/wego_1,male
Joachim Holte,Managing Director,WeGo,https://app.dealroom.co/companies/wego_1,male
Graham Hills,Managing Director,WeGo,https://app.dealroom.co/companies/wego_1,male
Jackson Fernandes,Former Business Development,WeGo,https://app.dealroom.co/companies/wego_1,male
Cheah Chu Yeow,Chief Flights Officer,WeGo,https://app.dealroom.co/companies/wego_1,male
Bo Wesdorp,Co-Founder,Trickle,https://app.dealroom.co/companies/trickle_work,male
Dale Wesdorp,Co-Founder,Trickle,https://app.dealroom.co/companies/trickle_work,male
Nadal Alyafaie,Former Co-Founder,Trickle,https://app.dealroom.co/companies/trickle_work,male
Nica Renoult,Founder,Trickle,https://app.dealroom.co/companies/trickle_work,female
Roos Aduagyei,Founder,Trickle,https://app.dealroom.co/companies/trickle_work,female
Alex Vrees,Co-Founder,Rodeo,https://app.dealroom.co/companies/rodeo,male
Marc van Neerven,Co-Founder,Rodeo,https://app.dealroom.co/companies/rodeo,male
Pieter Vos,Former,Rodeo,https://app.dealroom.co/companies/rodeo,male
Alexander,CTO,Rodeo,https://app.dealroom.co/companies/rodeo,female
Maarten Moen,Managing Director& Founder,ComplianceWise,https://app.dealroom.co/companies/compliancewise,male
Michiel van der Steeg,Managing Director& Founder,ComplianceWise,https://app.dealroom.co/companies/compliancewise,male
Maarten Moen,Former,ComplianceWise,https://app.dealroom.co/companies/compliancewise,male
Roman Lukaschuk,Founder,ComplianceWise,https://app.dealroom.co/companies/compliancewise,male
Christiaan Dappers,Founder,ComplianceWise,https://app.dealroom.co/companies/compliancewise,male
Andrew Appleby,Founder,Syllucid,https://app.dealroom.co/companies/syllucid_b_v_,male
Fabian Huhne,Founder,Syllucid,https://app.dealroom.co/companies/syllucid_b_v_,male
Jess McCulloch,Former,Syllucid,https://app.dealroom.co/companies/syllucid_b_v_,male
Andrew Appleby,Co-Founder,Syllucid,https://app.dealroom.co/companies/syllucid_b_v_,male
Jaap van Goch,Owner,Indigo Amsterdam,https://app.dealroom.co/companies/indigo_amsterdam,male
Willem ter Harmsel,Owner,Indigo Amsterdam,https://app.dealroom.co/companies/indigo_amsterdam,male
Marit Keetman,Unknown,Indigo Amsterdam,https://app.dealroom.co/companies/indigo_amsterdam,female
Madelon Peters,Owner,Indigo Amsterdam,https://app.dealroom.co/companies/indigo_amsterdam,female
Willem ter Harmsel,Owner,Indigo Amsterdam,https://app.dealroom.co/companies/indigo_amsterdam,male
Jaap van Goch,Owner,Indigo Amsterdam,https://app.dealroom.co/companies/indigo_amsterdam,male
Monique Deenik,Founder,TopTaal,https://app.dealroom.co/companies/taal_in_het_bedrijf,female
Jeroen Bijman,Founder,TopTaal,https://app.dealroom.co/companies/taal_in_het_bedrijf,male
Bart Deenik,COO,TopTaal,https://app.dealroom.co/companies/taal_in_het_bedrijf,male
Rosanne Meer,Founder,New Industrial Order,https://app.dealroom.co/companies/new_industrial_order,female
Annelie Ansingh,Founder,New Industrial Order,https://app.dealroom.co/companies/new_industrial_order,female
Rosanne van der Meer,Co-Founder,New Industrial Order,https://app.dealroom.co/companies/new_industrial_order,female
Mina Amrouche,Co-Founder,Sourcing.eco,https://app.dealroom.co/companies/sourcing_eco,female
Daria Mishchuk,Co-Founder,Sourcing.eco,https://app.dealroom.co/companies/sourcing_eco,female
daria,Unknown,Sourcing.eco,https://app.dealroom.co/companies/sourcing_eco,female
Amé Al-Rawi,Founder,Satelleat,https://app.dealroom.co/companies/satelleat,female
Nathalie Cohen,Founder,Satelleat,https://app.dealroom.co/companies/satelleat,female
Ame Al-Rawi,CTO& Co-Founder,Satelleat,https://app.dealroom.co/companies/satelleat,female
Ame Al-Rawi,CTO& Co-Founder,Satelleat,https://app.dealroom.co/companies/satelleat,female
Marcel van der Heijden,Investor,Sprinklr.co,https://app.dealroom.co/companies/sprinklr_co,male
Marcel van der Heijden,Investor,Sprinklr.co,https://app.dealroom.co/companies/sprinklr_co,male
Frans Twisk,Investor,Sprinklr.co,https://app.dealroom.co/companies/sprinklr_co,male
Liedewij Loorbach,Investor,Sprinklr.co,https://app.dealroom.co/companies/sprinklr_co,female
Melissa das Dores,Investor,Sprinklr.co,https://app.dealroom.co/companies/sprinklr_co,female
Suzanne van Straaten,Investor,Sprinklr.co,https://app.dealroom.co/companies/sprinklr_co,female
Derk van Wingerden,Co-Founder& Product Designer,Sprinklr.co,https://app.dealroom.co/companies/sprinklr_co,male
Maurits Cler,Co-Founder,GetEase,https://app.dealroom.co/companies/getease,male
Ilona Wegen,Co-Founder,GetEase,https://app.dealroom.co/companies/getease,female
David Duwaer,Founder,Optiply,https://app.dealroom.co/companies/optiply,male
Wiebe Konter,Founder,Optiply,https://app.dealroom.co/companies/optiply,male
Sander Broek,Former,Optiply,https://app.dealroom.co/companies/optiply,male
João Fernandes,CEO& Co-Founder,Optiply,https://app.dealroom.co/companies/optiply,male
Greg Raaijmakers,CEO& Co-Founder,Optiply,https://app.dealroom.co/companies/optiply,male
Saahil Karkera,CTO& Co-Founder,Optiply,https://app.dealroom.co/companies/optiply,male
Jurgen van der Vlist,CTO& Co-Founder,Labelfuse,https://app.dealroom.co/companies/labelfuse,male
Jurgen van der Vlist,CTO& Co-Founder,Labelfuse,https://app.dealroom.co/companies/labelfuse,male
Jason Payne.,Former Technical Architect,Schnoodle Finance,https://app.dealroom.co/companies/schnoodle_finance,male
Chris Hordijk,Founder,Medical VR,https://app.dealroom.co/companies/medical_vr,male
Chris Hordijk,Founder,Medical VR,https://app.dealroom.co/companies/medical_vr,male
Gregor Snip,CEO& Co-Founder,Switch Datacenters,https://app.dealroom.co/companies/switch_datacenters,male
Jerre Baumeister,Unknown,TweetFavy,https://app.dealroom.co/companies/tweetfavy,male
Frans Biesheuvel,Co-Founder,QDXray,https://app.dealroom.co/companies/qdxray,male
Sima Chatterjee,Co-Founder,QDXray,https://app.dealroom.co/companies/qdxray,female
Liliana Rosario Lor,CEO& Founder,Trippur,https://app.dealroom.co/companies/trippur,female
Django Lor,CEO& Founder,Trippur,https://app.dealroom.co/companies/trippur,male
Joey Davelaar,Co-Founder& Head of growth,Worksuite,https://app.dealroom.co/companies/worksuite,male
Joey Davelaar,Co-Founder& Head of growth,Worksuite,https://app.dealroom.co/companies/worksuite,male
Tim Jansen,Unknown,Worksuite,https://app.dealroom.co/companies/worksuite,male
Tim Jansen,Co-Founder& Head of growth,Worksuite,https://app.dealroom.co/companies/worksuite,male
Derk Disselhoff,Co-Founder& Head of growth,Worksuite,https://app.dealroom.co/companies/worksuite,male
Derk Disselhoff,Sales& Mentor,Worksuite,https://app.dealroom.co/companies/worksuite,male
Agota,Co-Founder& Data Scientist,Worksuite,https://app.dealroom.co/companies/worksuite,female
Marian Tarnavskyi,Co-Founder,Cyan Reef,https://app.dealroom.co/companies/cyan_reef,female
Domile Andruskeviciute,Co-Founder,Cyan Reef,https://app.dealroom.co/companies/cyan_reef,female
Marian Tarnavskyi,Business Associate,Cyan Reef,https://app.dealroom.co/companies/cyan_reef,female
Diederik Keverling Buisman,Unknown,Flexbook,https://app.dealroom.co/companies/flexbook,male
Kristóf Nagy,CEO,Serket Tech,https://app.dealroom.co/companies/serket_tech,male
Itai Gross,CEO& Co-Founder,HomeDeco,https://app.dealroom.co/companies/homedeco,male
Thijs Goos,CEO& Co-Founder,HomeDeco,https://app.dealroom.co/companies/homedeco,male
Ayla van Olphen,Non Executive Director,HomeDeco,https://app.dealroom.co/companies/homedeco,female
Ayla van Olphen,CEO,HomeDeco,https://app.dealroom.co/companies/homedeco,female
Ilse Vonk,Former Co-Founder& COO,Anyways,https://app.dealroom.co/companies/anyways,female
Wesley Kruijff,Former Co-Founder& COO,Anyways,https://app.dealroom.co/companies/anyways,male
Kirsty Sharman,Founder,Referral Factory,https://app.dealroom.co/companies/referral_factory,female
René Kock,Owner,EverywhereIM,https://app.dealroom.co/companies/everywhereim,male
Caroline Zand-Korteweg,Co-Founder,Uncover Legal,https://app.dealroom.co/companies/uncover_legal,female
Ingrid Van De Pol - Mensing,Co-Founder,Uncover Legal,https://app.dealroom.co/companies/uncover_legal,female
JC Heyneke,Unknown,Uncover Legal,https://app.dealroom.co/companies/uncover_legal,male
Joris Demnard,CEO,Ikonospace,https://app.dealroom.co/companies/ikonospace,male
Rick van Boekel,Board Member,Roam.ai (formerly: GeoSpark),https://app.dealroom.co/companies/roam_ai,male
Manoj Adithya,Board Member,Roam.ai (formerly: GeoSpark),https://app.dealroom.co/companies/roam_ai,male
Jothi Priyadharshan Ramakrishnan,Board Member,Roam.ai (formerly: GeoSpark),https://app.dealroom.co/companies/roam_ai,female
Jothi Priyadharshan Ramakrishnan,CEO& Co-Founder,Roam.ai (formerly: GeoSpark),https://app.dealroom.co/companies/roam_ai,female
Valentin Kassarnig,CTO& Co-Founder,SpeechifAI,https://app.dealroom.co/companies/speechifai,male
Tudor Mihailescu,CTO& Co-Founder,SpeechifAI,https://app.dealroom.co/companies/speechifai,male
Julien Taylor,Research Assistant,SpeechifAI,https://app.dealroom.co/companies/speechifai,male
Jorma De Ronde,Owner,Eensim,https://app.dealroom.co/companies/eensim,male
Eddie Sadan,Co-Founder,Lumos,https://app.dealroom.co/companies/lumos,male
Moshe Bartov,Co-Founder,Lumos,https://app.dealroom.co/companies/lumos,male
Yoav Medan,Co-Founder,Lumos,https://app.dealroom.co/companies/lumos,male
Davidi Vortman,CEO& Co-Founder,Lumos,https://app.dealroom.co/companies/lumos,male
Nir Marom,CEO& Co-Founder,Lumos,https://app.dealroom.co/companies/lumos,male
Sandra Beest,CEO& Founder,The Social Handshake,https://app.dealroom.co/companies/the_social_handshake,female
Sandra van Beest,CEO& Founder,The Social Handshake,https://app.dealroom.co/companies/the_social_handshake,female
Marieke van den Berg,CEO& Founder,The Social Handshake,https://app.dealroom.co/companies/the_social_handshake,female
Maarten Muter,CEO& Founder,The Social Handshake,https://app.dealroom.co/companies/the_social_handshake,male
Koen Ter Velde,Founder,Farm21,https://app.dealroom.co/companies/farm21,male
Joey Houtenbos,Founder,Farm21,https://app.dealroom.co/companies/farm21,male
Thomas Houwers,Founder,Farm21,https://app.dealroom.co/companies/farm21,male
Bas Alderding,Founder,Farm21,https://app.dealroom.co/companies/farm21,female
Kelly Wright,CEO& Co-Founder,Farm21,https://app.dealroom.co/companies/farm21,female
Bas Alderding,CEO& Co-Founder,Farm21,https://app.dealroom.co/companies/farm21,female
Thomas Houwers,Former Designer,Farm21,https://app.dealroom.co/companies/farm21,male
Yann Weijer,Co-Founder& Commercial Director,Farm21,https://app.dealroom.co/companies/farm21,male
Afke Blanksma,Co-Founder& Business Development,Wizzymaps,https://app.dealroom.co/companies/wizzymaps,female
Bas Kostelijk,Co-Founder& Business Development,Wizzymaps,https://app.dealroom.co/companies/wizzymaps,female
Sonali Sanghrajka,Co-Founder& CCO,KOSA AI,https://app.dealroom.co/companies/kosa_ai,female
Sonali Sanghrajka,Co-Founder& CCO,KOSA AI,https://app.dealroom.co/companies/kosa_ai,female
Layla Li,CSO,KOSA AI,https://app.dealroom.co/companies/kosa_ai,female
Mihai Draghici,Founder,Medicpad,https://app.dealroom.co/companies/medicpad,male
Ryan Janecek,Co-Founder& COO,Sunrise AI,https://app.dealroom.co/companies/sunrise_daily_goods,male
Ruben,Co-Founder& COO,Sunrise AI,https://app.dealroom.co/companies/sunrise_daily_goods,female
Lars Heugel,Managing Director& Co-Founder,Holland at Home,https://app.dealroom.co/companies/holland_at_home,male
Wouter van Hilten,Managing Director& Co-Founder,Holland at Home,https://app.dealroom.co/companies/holland_at_home,male
Angela Heykoop,Director,Holland at Home,https://app.dealroom.co/companies/holland_at_home,female
Sebastian Monteban,CEO& Founder,ETQ Amsterdam,https://app.dealroom.co/companies/etq_amsterdam,male
Patrick Woude,CEO& Founder,ETQ Amsterdam,https://app.dealroom.co/companies/etq_amsterdam,male
Patrick van der Woude,Intern,ETQ Amsterdam,https://app.dealroom.co/companies/etq_amsterdam,male
Robin Engelen,Co-Founder,ETQ Amsterdam,https://app.dealroom.co/companies/etq_amsterdam,male
Dominik Harz,CTO& Co-Founder,Checkmetrix,https://app.dealroom.co/companies/checkmetrix,male
Pieter Paul van den Hoven,CTO& Co-Founder,Checkmetrix,https://app.dealroom.co/companies/checkmetrix,male
Dennis Berkhof,Co-Founder,BIT academy,https://app.dealroom.co/companies/bit_academy,male
Marco van der Werf,Co-Founder,BIT academy,https://app.dealroom.co/companies/bit_academy,male
Afshin Shirzadi,Co-Founder,Apochi.com,https://app.dealroom.co/companies/apochi_bv,male
Simon Padt,Co-Founder,NOX Sleep Drink,https://app.dealroom.co/companies/noxsleepdrink,male
Dan Pezim,Co-Founder,Tap Electric,https://app.dealroom.co/companies/tapelectric,male
Dan Pezim,Co-Founder,Tap Electric,https://app.dealroom.co/companies/tapelectric,male
Nico Spoelstra,CCO& Founder,Tap Electric,https://app.dealroom.co/companies/tapelectric,male
Christiaan Huynen,CEO& Founder,DesignBro,https://app.dealroom.co/companies/designbro,male
Pieter-Jan Hoogendijk,CEO& Founder,DesignBro,https://app.dealroom.co/companies/designbro,male
PJ Hoogendijk,CTO& Co-Founder,DesignBro,https://app.dealroom.co/companies/designbro,male
Farouk Kadous,Investor,Tablevibe.co,https://app.dealroom.co/companies/tablevibe_co,male
Farouk Kadous.,Investor,Tablevibe.co,https://app.dealroom.co/companies/tablevibe_co,male
Jeroen Rutten,Investor,Tablevibe.co,https://app.dealroom.co/companies/tablevibe_co,male
Wanda van Kerkvoorden,Co-Founder,Vraaghugo,https://app.dealroom.co/companies/vraaghugo,female
Pim Betist,Co-Founder,Vraaghugo,https://app.dealroom.co/companies/vraaghugo,male
Annette Wassenaar,Director& Co-Founder,Yezzer,https://app.dealroom.co/companies/yezzer,female
Adriaan van Loon,Director& Co-Founder,Yezzer,https://app.dealroom.co/companies/yezzer,male
Isabel Brouwer,Founder,Docflow,https://app.dealroom.co/companies/docflow,female
Tim Stuart,Founder,Docflow,https://app.dealroom.co/companies/docflow,male
Tim Stuart,Board Member,Docflow,https://app.dealroom.co/companies/docflow,male
Angrick Capriles Torres,CEO& Founder,Docflow,https://app.dealroom.co/companies/docflow,female
Christine Koekkoek,CEO& Founder,Docflow,https://app.dealroom.co/companies/docflow,female
Christine,Co-Founder,Docflow,https://app.dealroom.co/companies/docflow,female
Daisy Tazelaar,Co-Founder& Managing Partner,Panda International,https://app.dealroom.co/companies/panda_international,female
Jay Freeman,Co-Founder& Managing Partner,Panda International,https://app.dealroom.co/companies/panda_international,male
Caitlin Girdwood,Managing Director& Co-Founder,Panda International,https://app.dealroom.co/companies/panda_international,female
Anthony,Managing Director& Co-Founder,Panda International,https://app.dealroom.co/companies/panda_international,female
Nadina Galle,Co-Founder,Green City Watch,https://app.dealroom.co/companies/green_city_watch,female
Jim Groot,Co-Founder,Green City Watch,https://app.dealroom.co/companies/green_city_watch,male
Chris van Diemen,Strategic Advisor,Green City Watch,https://app.dealroom.co/companies/green_city_watch,male
Gabriele,Unknown,Digital Audience,https://app.dealroom.co/companies/socialaudience,female
Ruben Niet,Unknown,Digital Audience,https://app.dealroom.co/companies/socialaudience,male
Thomas Graaf,Co-Founder,Hello-Bike,https://app.dealroom.co/companies/hello_bike,male
Tijmen De Vries,Co-Founder,Hello-Bike,https://app.dealroom.co/companies/hello_bike,male
Jorn Spiertz,Co-Founder,PakketMail,https://app.dealroom.co/companies/pakketmail,male
Mark Bastiaanssen,Co-Founder,PakketMail,https://app.dealroom.co/companies/pakketmail,male
Jorn Spiertz,Co-Founder,PakketMail,https://app.dealroom.co/companies/pakketmail,male
Giorgio Patrini,CEO& Chief Scientist,Sensity AI (formerly Deeptrace),https://app.dealroom.co/companies/sensity_ai,male
Francesco Cavalli,CEO& Chief Scientist,Sensity AI (formerly Deeptrace),https://app.dealroom.co/companies/sensity_ai,male
Giorgio Patrini,Co-Founder& COO,Sensity AI (formerly Deeptrace),https://app.dealroom.co/companies/sensity_ai,male
Francesco Cavalli,Co-Founder& COO,Sensity AI (formerly Deeptrace),https://app.dealroom.co/companies/sensity_ai,male
David Niemeijer,CEO,AssistiveWare,https://app.dealroom.co/companies/assistiveware,male
Wesley Pabis,Founder,Augmento,https://app.dealroom.co/companies/augmento_1_1,male
Wouter Baltus,Co-Founder,TimeChimp,https://app.dealroom.co/companies/timechimp,male
Hidde Ottens,Co-Founder,TimeChimp,https://app.dealroom.co/companies/timechimp,male
Fred Al,Co-Founder,TimeChimp,https://app.dealroom.co/companies/timechimp,male
Marcella Wijngaarden,Co-Founder& Chief Technical Officer - IT & Social Media Manager,Project Cece,https://app.dealroom.co/companies/project_cece,female
Melissa Wijngaarden,Co-Founder& Chief Technical Officer - IT & Social Media Manager,Project Cece,https://app.dealroom.co/companies/project_cece,female
Noor Veenhoven,Unknown,Project Cece,https://app.dealroom.co/companies/project_cece,female
Marc Van Oldenborgh,Founder,Kepler Vision Technologies,https://app.dealroom.co/companies/kepler_vision_technologies,male
Floris Nat,Founder,Kepler Vision Technologies,https://app.dealroom.co/companies/kepler_vision_technologies,male
Harro Stokman,Unknown,Kepler Vision Technologies,https://app.dealroom.co/companies/kepler_vision_technologies,male
Laura Pinilla,CEO& Founder,Flavourspace,https://app.dealroom.co/companies/flavourspace,female
Isaac Esteban,CEO& Founder,Flavourspace,https://app.dealroom.co/companies/flavourspace,male
Ceyhun Burak Akgül,Unknown,Flavourspace,https://app.dealroom.co/companies/flavourspace,male
Vladimir Nedović,Co-Founder,Flavourspace,https://app.dealroom.co/companies/flavourspace,male
Job Rietbergen,Co-Founder,Alphadoc,https://app.dealroom.co/companies/alphadoc,male
Hans van Leeuwen,Co-Founder,Alphadoc,https://app.dealroom.co/companies/alphadoc,male
Daan Stolk,Former,Alphadoc,https://app.dealroom.co/companies/alphadoc,male
Gabriele D.,CTO,Alphadoc,https://app.dealroom.co/companies/alphadoc,male
Christian Dahlen,CTO,Alphadoc,https://app.dealroom.co/companies/alphadoc,male
Youri Voet,CEO& Co-Founder,CodeGrade,https://app.dealroom.co/companies/code_grade,male
Olmo Kramer,CEO& Co-Founder,CodeGrade,https://app.dealroom.co/companies/code_grade,male
Devin Hillenius,Former Web Developer,CodeGrade,https://app.dealroom.co/companies/code_grade,male
Thomas Schaper,Co-Founder& Development,CodeGrade,https://app.dealroom.co/companies/code_grade,male
Veroniek Vermeulen,Founder,Silatha,https://app.dealroom.co/companies/silatha,female
Björn Bakker,Founder,Silatha,https://app.dealroom.co/companies/silatha,male
Julia Mitereva,Co-Founder& CMO,Fashion Potluck,https://app.dealroom.co/companies/fashionpotluck,female
Dennis Kamst,Founder,SMYLE,https://app.dealroom.co/companies/smyle_1_1,male
Almar Fernhout,Founder,SMYLE,https://app.dealroom.co/companies/smyle_1_1,female
Roger Nefkens,CEO& Founder,SMYLE,https://app.dealroom.co/companies/smyle_1_1,male
Dennis Kamst,Founder,SMYLE,https://app.dealroom.co/companies/smyle_1_1,male
Dean Niesten,Founder,SMYLE,https://app.dealroom.co/companies/smyle_1_1,male
Hans Nicolaas J. Matthijsse,Founder,SMYLE,https://app.dealroom.co/companies/smyle_1_1,male
Pim Bellinga,Co-Founder,Grasple,https://app.dealroom.co/companies/grasple,male
Thijs Gillebaart,Co-Founder,Grasple,https://app.dealroom.co/companies/grasple,male
Pim Bellinga,Unknown,Grasple,https://app.dealroom.co/companies/grasple,male
Pim Stuurman,Co-Founder,Grasple,https://app.dealroom.co/companies/grasple,male
Jasper Alblas,Founder,Jasperalblas,https://app.dealroom.co/companies/jasperalblas,male
Dave Clark,Founder,Jasperalblas,https://app.dealroom.co/companies/jasperalblas,male
Jasper Alblas,Former Consultant,Jasperalblas,https://app.dealroom.co/companies/jasperalblas,male
Anne van Naerssen,Co-Founder& CCO,SonicBee,https://app.dealroom.co/companies/sonicbee,female
Patrick Van Der Valk,Co-Founder& CCO,SonicBee,https://app.dealroom.co/companies/sonicbee,male
Valentin Zberea,Former CTO& Co-Founder,Leeruniek,https://app.dealroom.co/companies/leeruniek,male
Ivan Gunchenko,Former CTO& Co-Founder,Leeruniek,https://app.dealroom.co/companies/leeruniek,male
Jelte de Jongh,Unknown,Leeruniek,https://app.dealroom.co/companies/leeruniek,male
Willem Van Der Weide,Founder,Objective Partners,https://app.dealroom.co/companies/objective_partners,male
Rudy De Back,Founder,Objective Partners,https://app.dealroom.co/companies/objective_partners,male
Nikki Hes,Founder,MX3D,https://app.dealroom.co/companies/mx3d,female
Simon Rudolph,Founder,MX3D,https://app.dealroom.co/companies/mx3d,male
Niek Sanders,Former,MX3D,https://app.dealroom.co/companies/mx3d,male
Tim Geurtjens,Co-Founder,MX3D,https://app.dealroom.co/companies/mx3d,male
René Backx,Co-Founder,MX3D,https://app.dealroom.co/companies/mx3d,male
Jelle Van Kleef,Former,MX3D,https://app.dealroom.co/companies/mx3d,male
Zakaria Alami,Co-Founder,MX3D,https://app.dealroom.co/companies/mx3d,male
Gijs van der Velden,Co-Founder,MX3D,https://app.dealroom.co/companies/mx3d,male
Nic Gorini,Co-Founder,The Wasted App,https://app.dealroom.co/companies/wasted_lab,male
Estelle Roux-Stevens,Co-Founder,The Wasted App,https://app.dealroom.co/companies/wasted_lab,female
Elisha Weeber,Founder,The Wasted App,https://app.dealroom.co/companies/wasted_lab,female
Meredith Mogensen,CEO& Co-Founder,The Wasted App,https://app.dealroom.co/companies/wasted_lab,female
Elisha Weeber,CEO& Co-Founder,The Wasted App,https://app.dealroom.co/companies/wasted_lab,female
Jord van den Hooff,Director,Magic Sandbox,https://app.dealroom.co/companies/magic_sandbox,male
Mislav Stipetic,Director,Magic Sandbox,https://app.dealroom.co/companies/magic_sandbox,male
Ekta Tripathi,Former CEO& Co-Founder,Magic Sandbox,https://app.dealroom.co/companies/magic_sandbox,female
Carmine Paolino,CTO& Founder,Owlin,https://app.dealroom.co/companies/owlin,male
Melissa Wijngaarden,CTO& Founder,Owlin,https://app.dealroom.co/companies/owlin,female
Derk Erbé,Former,Owlin,https://app.dealroom.co/companies/owlin,male
Sjoerd Leemhuis,Co-Founder,Owlin,https://app.dealroom.co/companies/owlin,male
Bas van Ooyen,Co-Founder,Owlin,https://app.dealroom.co/companies/owlin,female
Sjoerd Leemhuis,Research Fellow,Owlin,https://app.dealroom.co/companies/owlin,male
Bob Koster,Co-Founder,Owlin,https://app.dealroom.co/companies/owlin,male
Don Montanaro,Co-Founder,Owlin,https://app.dealroom.co/companies/owlin,male
Victor de Leeuw,Mentor,Owlin,https://app.dealroom.co/companies/owlin,male
Don Montanaro,Managing Director& Co-Founder,Owlin,https://app.dealroom.co/companies/owlin,male
Lyuba Polyanskaya,Managing Director& Co-Founder,Owlin,https://app.dealroom.co/companies/owlin,female
"Willem Westra,PhD",Unknown,Owlin,https://app.dealroom.co/companies/owlin,male
Don Ritzen,Co-Founder,Owlin,https://app.dealroom.co/companies/owlin,male
Willem Westra,Co-Founder,Owlin,https://app.dealroom.co/companies/owlin,male
Richard Kraayenhagen,Former Managing Director& Co-Founder,Owlin,https://app.dealroom.co/companies/owlin,male
Richard Kraaijenhagen,Former Managing Director& Co-Founder,Owlin,https://app.dealroom.co/companies/owlin,male
Elena Kostler,Founder,niluk.app,https://app.dealroom.co/companies/niluk,female
Elena Köstler,Founder,niluk.app,https://app.dealroom.co/companies/niluk,female
Elena Köstler,Unknown,niluk.app,https://app.dealroom.co/companies/niluk,female
Elena Köstler,Unknown,niluk.app,https://app.dealroom.co/companies/niluk,female
Varsha Ashok,Co-Founder& Product Designer,Vanido,https://app.dealroom.co/companies/vanido,female
Himanshu Singh,Co-Founder& Product Designer,Vanido,https://app.dealroom.co/companies/vanido,male
Sjoerd Schouten,Co-Founder,Watt-Now,https://app.dealroom.co/companies/watt_now,male
Jasper Meerding,Founder,GAIKU,https://app.dealroom.co/companies/gaiku,male
Arjen Halma,Founder,GAIKU,https://app.dealroom.co/companies/gaiku,male
Arvind Yadav,Unknown,GAIKU,https://app.dealroom.co/companies/gaiku,male
Cindy Yee,Former CTO& Co-Founder,GAIKU,https://app.dealroom.co/companies/gaiku,female
Jorick Serto,Former CTO& Co-Founder,GAIKU,https://app.dealroom.co/companies/gaiku,male
Kevin Lydon,Managing Director& Founder,Helios Staking,https://app.dealroom.co/companies/helios_staking,male
Michael Mckeon,Managing Director& Founder,Helios Staking,https://app.dealroom.co/companies/helios_staking,male
Sebastian Fallert,CEO& Co-Founder,AMMP Technologies,https://app.dealroom.co/companies/ammp_technologies,male
Stine Bundgaard Carlé,CEO& Co-Founder,AMMP Technologies,https://app.dealroom.co/companies/ammp_technologies,female
Svet Bajlekov,Investor,AMMP Technologies,https://app.dealroom.co/companies/ammp_technologies,female
Hendrik Broering,Co-Founder& COO,AMMP Technologies,https://app.dealroom.co/companies/ammp_technologies,male
Michel Hendriks,Co-Founder& COO,AMMP Technologies,https://app.dealroom.co/companies/ammp_technologies,male
Arshdeep C.,Business Development Manager,AMMP Technologies,https://app.dealroom.co/companies/ammp_technologies,male
Seth Dehart,CEO& Co-Founder,AMMP Technologies,https://app.dealroom.co/companies/ammp_technologies,male
Yous Halder van,Co-Founder,SkiaLabs,https://app.dealroom.co/companies/skialabs,male
Anastasia Borovykh,Co-Founder,SkiaLabs,https://app.dealroom.co/companies/skialabs,female
Jan Pecník,CEO& Founder,BikeFair,https://app.dealroom.co/companies/bikefair,male
Dominik Nguyen,CEO& Founder,BikeFair,https://app.dealroom.co/companies/bikefair,male
Jan Pecník,Former,BikeFair,https://app.dealroom.co/companies/bikefair,male
Vincent L. Hink,Co-Founder,BikeFair,https://app.dealroom.co/companies/bikefair,male
Sjoerd Geurts,Founder,Hypherdata,https://app.dealroom.co/companies/hypherdata,male
Mehrzad Karami,Founder,Hypherdata,https://app.dealroom.co/companies/hypherdata,male
Mehrzad Karami,Founder,Hypherdata,https://app.dealroom.co/companies/hypherdata,male
Jana Miniarikova,CTO& Founder,Hypherdata,https://app.dealroom.co/companies/hypherdata,female
Jana Miniarikova,CTO& Founder,Hypherdata,https://app.dealroom.co/companies/hypherdata,female
Jana Miniarikova,Unknown,Hypherdata,https://app.dealroom.co/companies/hypherdata,female
Ruben Beijer,Co-Founder,Local Heroes,https://app.dealroom.co/companies/local_heroes_online,male
Maarten Coumans,Co-Founder,Local Heroes,https://app.dealroom.co/companies/local_heroes_online,male
Jascha Hoogendijk,Founder,Local Heroes,https://app.dealroom.co/companies/local_heroes_online,male
Maarten Coumans,Founder,Local Heroes,https://app.dealroom.co/companies/local_heroes_online,male
Maarten Coumans,Founder,Local Heroes,https://app.dealroom.co/companies/local_heroes_online,male
Maarten Coumans,Unknown,Local Heroes,https://app.dealroom.co/companies/local_heroes_online,male
Robin Eggenkamp,Co-Founder& ScrumMaster,Hely,https://app.dealroom.co/companies/hely,male
Maurits Koning,Co-Founder& ScrumMaster,Hely,https://app.dealroom.co/companies/hely,male
Jan Paul van Heemskerck van Beest,Advisor,Hely,https://app.dealroom.co/companies/hely,male
Kasper Middelkoop,CEO& Founder,Tiqets,https://app.dealroom.co/companies/tiqets,male
Bart Engeland,CEO& Founder,Tiqets,https://app.dealroom.co/companies/tiqets,male
Sietse van der Laan,CPO& Founder,Tiqets,https://app.dealroom.co/companies/tiqets,male
Hector Stenger,Co-Founder,Tiqets,https://app.dealroom.co/companies/tiqets,male
Luca Cosivi,Co-Founder,Tiqets,https://app.dealroom.co/companies/tiqets,male
Esmee Wagter,Partner,Tiqets,https://app.dealroom.co/companies/tiqets,female
Anna David,Founder,Tiqets,https://app.dealroom.co/companies/tiqets,female
Christiaan Solcer,Founder,Tiqets,https://app.dealroom.co/companies/tiqets,male
Sitesh Shrivastava,Former Co-Founder,Tiqets,https://app.dealroom.co/companies/tiqets,male
Laurens Leurink,Co-Founder,Tiqets,https://app.dealroom.co/companies/tiqets,male
Hans Janssen,Co-Founder,Tiqets,https://app.dealroom.co/companies/tiqets,male
Yannis Abelas,Software Engineer,Tiqets,https://app.dealroom.co/companies/tiqets,male
Joost Bijlsma,Unknown,Tiqets,https://app.dealroom.co/companies/tiqets,male
Robert Westers,Unknown,Tiqets,https://app.dealroom.co/companies/tiqets,male
Maarten Raaijmakers,Former Co-Founder,Tiqets,https://app.dealroom.co/companies/tiqets,male
Luuc Elzinga,Founder,Tiqets,https://app.dealroom.co/companies/tiqets,male
Utku Turna,Founder,Tiqets,https://app.dealroom.co/companies/tiqets,male
Santiago Hirschfeld,Former,Tiqets,https://app.dealroom.co/companies/tiqets,male
Patrick Nijssen,Founder,Tiqets,https://app.dealroom.co/companies/tiqets,male
Damian Kozak,Founder,Tiqets,https://app.dealroom.co/companies/tiqets,male
Daniel Scheijen,Former,Tiqets,https://app.dealroom.co/companies/tiqets,male
Ronald Kemmeren,CMO,Tiqets,https://app.dealroom.co/companies/tiqets,male
Victor,CMO,Tiqets,https://app.dealroom.co/companies/tiqets,female
Bas Willemse,Former Co-Founder,Tiqets,https://app.dealroom.co/companies/tiqets,female
Marijn Speelman,Co-Founder,Tiqets,https://app.dealroom.co/companies/tiqets,male
Karoll Ramamonjisoa,Unknown,Parentally,https://app.dealroom.co/companies/parentally,female
Koen Bos,CTO& Co-Founder,Relay42,https://app.dealroom.co/companies/relay42,male
Koen Koppens,CTO& Co-Founder,Relay42,https://app.dealroom.co/companies/relay42,male
Tomas Salfischberger,Co-Founder,Relay42,https://app.dealroom.co/companies/relay42,male
Arthur Vlug,Co-Founder& Member of Advisory Board Relay42,Relay42,https://app.dealroom.co/companies/relay42,male
Erik Broekhuis,Co-Founder& Member of Advisory Board Relay42,Relay42,https://app.dealroom.co/companies/relay42,male
Maurice Pothof,Founder,Relay42,https://app.dealroom.co/companies/relay42,male
Andreea Marin,Chief Strategy Officer& Founder,Relay42,https://app.dealroom.co/companies/relay42,female
Jorg Van Der Heijden,Chief Strategy Officer& Founder,Relay42,https://app.dealroom.co/companies/relay42,male
Marc Duijndam,Board Member,Relay42,https://app.dealroom.co/companies/relay42,male
Florent Coudyser,Co-Founder& Senior Software Engineer,Relay42,https://app.dealroom.co/companies/relay42,male
Matilda Kristoffersson,Co-Founder& Senior Software Engineer,Relay42,https://app.dealroom.co/companies/relay42,female
Simon Bloom,Former Software Engineer,Relay42,https://app.dealroom.co/companies/relay42,male
Yoteng Pat,Co-Founder& Advisory Board member,Relay42,https://app.dealroom.co/companies/relay42,male
Rene Bulthuis,Co-Founder& Advisory Board member,Relay42,https://app.dealroom.co/companies/relay42,male
Anoma van Eeden,Investor,Relay42,https://app.dealroom.co/companies/relay42,female
Kalina Dancheva,Co-Founder& Supervisory Board Member,Relay42,https://app.dealroom.co/companies/relay42,female
Niels van Aalten,Co-Founder& Supervisory Board Member,Relay42,https://app.dealroom.co/companies/relay42,male
Marius Rugan,Angel investor,Relay42,https://app.dealroom.co/companies/relay42,male
Gabriele Bani,CTO& Co-Founder,Intrical AI,https://app.dealroom.co/companies/intrical_ai,male
Alvise Sembenico,CTO& Co-Founder,Intrical AI,https://app.dealroom.co/companies/intrical_ai,male
Irina Kulizhnikova,Unknown,Intrical AI,https://app.dealroom.co/companies/intrical_ai,female
PROF. DR. KARELJAN SCHOUTENS,Unknown,QuSoft,https://app.dealroom.co/companies/qusoft,
Harry Buhrman,Unknown,QuSoft,https://app.dealroom.co/companies/qusoft,male
Jeroen Vroemen,Unknown,Foodimus B.V.,https://app.dealroom.co/companies/foodimus_b_v_,male
Jeroen Vroemen,Unknown,Foodimus B.V.,https://app.dealroom.co/companies/foodimus_b_v_,male
Tim Vermeulen,Former Director,Foodimus B.V.,https://app.dealroom.co/companies/foodimus_b_v_,male
Jasper Driessens,Founder,ZIVVER,https://app.dealroom.co/companies/zivver,male
Leonie Kennepohl,Founder,ZIVVER,https://app.dealroom.co/companies/zivver,female
Pearl Roman,Former Founder,ZIVVER,https://app.dealroom.co/companies/zivver,female
Daniel Piedra Quintero,Co-Founder,ZIVVER,https://app.dealroom.co/companies/zivver,male
Irina Caraivan,Co-Founder,ZIVVER,https://app.dealroom.co/companies/zivver,female
Thomas Depuydt,Intern,ZIVVER,https://app.dealroom.co/companies/zivver,male
Alwin Schoemaker,Founder,ZIVVER,https://app.dealroom.co/companies/zivver,male
Vincent van Donselaar,Founder,ZIVVER,https://app.dealroom.co/companies/zivver,male
Alwin Schoemaker,Unknown,ZIVVER,https://app.dealroom.co/companies/zivver,male
Wouter Klinkhamer,Front End Developer& Senior,ZIVVER,https://app.dealroom.co/companies/zivver,male
Rick Goud,Front End Developer& Senior,ZIVVER,https://app.dealroom.co/companies/zivver,male
Jan Andriessen,Former Front End Developer& Senior,ZIVVER,https://app.dealroom.co/companies/zivver,male
Jeroen Diederix,Co-Founder,ZIVVER,https://app.dealroom.co/companies/zivver,male
Evgenia Plotnikova,Co-Founder,ZIVVER,https://app.dealroom.co/companies/zivver,female
Thijs Rohof,Unknown,ZIVVER,https://app.dealroom.co/companies/zivver,male
Norman Fiore,Board Observer,ZIVVER,https://app.dealroom.co/companies/zivver,male
Lyle Kay,Board Observer,ZIVVER,https://app.dealroom.co/companies/zivver,male
Jeroen Veenenbos,Board Member,ZIVVER,https://app.dealroom.co/companies/zivver,male
Eli van Goudoever,Co-Founder,ZIVVER,https://app.dealroom.co/companies/zivver,male
Amit Upreti,Co-Founder,Kinder,https://app.dealroom.co/companies/kinder,male
Spencer Hillman,Co-Founder,Kinder,https://app.dealroom.co/companies/kinder,male
Victor Sint Nicolaas,Former,Kinder,https://app.dealroom.co/companies/kinder,male
Matthijs Otterloo,Co-Founder& COO,Kinder,https://app.dealroom.co/companies/kinder,male
Pierre Bonvalot,Co-Founder& COO,Kinder,https://app.dealroom.co/companies/kinder,male
Mathys van Abbe,Former,Kinder,https://app.dealroom.co/companies/kinder,male
Laura Koenders,Co-Founder,Kinder,https://app.dealroom.co/companies/kinder,female
Simon Brouwer,CTO& Founder,Syntho,https://app.dealroom.co/companies/syntho,male
Marijn Vonk,CTO& Founder,Syntho,https://app.dealroom.co/companies/syntho,male
Wim Kees Janssen,Former Data Scientist,Syntho,https://app.dealroom.co/companies/syntho,male
Marijn Vonk,Co-Founder,Syntho,https://app.dealroom.co/companies/syntho,male
Simon Brouwer,Co-Founder,Syntho,https://app.dealroom.co/companies/syntho,male
Wim Kees,Unknown,Syntho,https://app.dealroom.co/companies/syntho,male
Bram Vreugdenhil,Director& Founder,Founda,https://app.dealroom.co/companies/founda,male
Wilco Schuttelaar,Director& Founder,Founda,https://app.dealroom.co/companies/founda,male
Jeroen Netten,CEO& Co-Founder,Founda,https://app.dealroom.co/companies/founda,male
Jan Joost Kalff,Business Development& Founder,Founda,https://app.dealroom.co/companies/founda,male
Job Rietbergen,Business Development& Founder,Founda,https://app.dealroom.co/companies/founda,male
Wilco Schuttelaar,Former CEO& Founder,Founda,https://app.dealroom.co/companies/founda,male
Jelle-Jan Bruinsma,Product& Founder,Founda,https://app.dealroom.co/companies/founda,female
Gabriele D.,Product& Founder,Founda,https://app.dealroom.co/companies/founda,male
Jelle-Jan Bruinsma,Former Director& Founder,Founda,https://app.dealroom.co/companies/founda,female
Thomas van Til,CEO& Founder,Founda,https://app.dealroom.co/companies/founda,male
Andries Hamster,CEO& Founder,Founda,https://app.dealroom.co/companies/founda,male
Dennis de Breij,Advisor,Quin,https://app.dealroom.co/companies/quin_health,male
Bastiaan van de Rakt,Advisor,Quin,https://app.dealroom.co/companies/quin_health,male
Alexander Van Someren,Board Member,Quin,https://app.dealroom.co/companies/quin_health,male
Bastiaan Van De Rakt,Co-Founder,Quin,https://app.dealroom.co/companies/quin_health,male
Bart Malenstein,Co-Founder,Quin,https://app.dealroom.co/companies/quin_health,male
Hamet Gholizadeh,Co-Founder& Business Coach,Quin,https://app.dealroom.co/companies/quin_health,male
Eline Antonissen,Co-Founder,Quin,https://app.dealroom.co/companies/quin_health,female
Vincent van Donselaar,Co-Founder,Quin,https://app.dealroom.co/companies/quin_health,male
Marc Prette,Former Co-Founder,Quin,https://app.dealroom.co/companies/quin_health,male
Hamed Valigholizadeh,Co-Founder,Quin,https://app.dealroom.co/companies/quin_health,male
Dayenne,Co-Founder,Quin,https://app.dealroom.co/companies/quin_health,female
Marc Dotinga,CTO& Co-Founder,Quin,https://app.dealroom.co/companies/quin_health,male
Wouter Staatsen,CEO& Founder,Quin,https://app.dealroom.co/companies/quin_health,male
Olivier Molenkamp,CEO& Founder,Quin,https://app.dealroom.co/companies/quin_health,male
Jan Paul Jacobs,CEO& Owner,Quin,https://app.dealroom.co/companies/quin_health,male
Omar el Khamlichi,Co-Founder,Quin,https://app.dealroom.co/companies/quin_health,male
David (Kemal) Yenicelik,Co-Founder,SkillLab,https://app.dealroom.co/companies/skilllab,male
Christoph Bretgeld,Co-Founder,SkillLab,https://app.dealroom.co/companies/skilllab,male
Ulrich Scharf,Co-Founder& Advisor,SkillLab,https://app.dealroom.co/companies/skilllab,male
Karim Bin-Humam,Director& Founder,SkillLab,https://app.dealroom.co/companies/skilllab,male
Ulrich Scharf,Director& Founder,SkillLab,https://app.dealroom.co/companies/skilllab,male
Karim Bin-Humam,Director& Founder,SkillLab,https://app.dealroom.co/companies/skilllab,male
Ragnar Martens.,Director& Founder,SkillLab,https://app.dealroom.co/companies/skilllab,male
Christoph Bretgeld,Former Director,SkillLab,https://app.dealroom.co/companies/skilllab,male
Rolf Bixner,Director& Founder,SkillLab,https://app.dealroom.co/companies/skilllab,male
Anusha Mahalingam,Co-Founder& COO,LessonLeap,https://app.dealroom.co/companies/lessonleap,female
Deepti Sahi,Co-Founder& COO,LessonLeap,https://app.dealroom.co/companies/lessonleap,female
Deepti Sahi,Engagement Manager,LessonLeap,https://app.dealroom.co/companies/lessonleap,female
Bauke Freiburg,CTO& Founder,Videodock,https://app.dealroom.co/companies/videodock,male
Bastiaan Niamut,CTO& Founder,Videodock,https://app.dealroom.co/companies/videodock,male
Willem Daems,Managing Director& Owner,Videodock,https://app.dealroom.co/companies/videodock,male
Ron van der Sterren,Technical Director& Founder,Videodock,https://app.dealroom.co/companies/videodock,male
Nick van Ginkel,Technical Director& Founder,Videodock,https://app.dealroom.co/companies/videodock,male
Johan G,Unknown,Qusus,https://app.dealroom.co/companies/qusus,male
Jon Whelan,Unknown,Qusus,https://app.dealroom.co/companies/qusus,male
Jessica Rountree,Former,Qusus,https://app.dealroom.co/companies/qusus,female
Job Rietbergen,Unknown,Qusus,https://app.dealroom.co/companies/qusus,male
Jeremie ROBERRINI NEVEU,Unknown,Biekos,https://app.dealroom.co/companies/biekos,male
Gustavo B. Sisti,CEO,AgriPlace,https://app.dealroom.co/companies/agriplace,male
Nico Broersen,CEO,AgriPlace,https://app.dealroom.co/companies/agriplace,male
Martin Weber,Founder,Farmless,https://app.dealroom.co/companies/farmless,male
Lauren Lentz,Founder,Farmless,https://app.dealroom.co/companies/farmless,female
Mihai Hogea,Co-Founder& CDO,Pepper,https://app.dealroom.co/companies/pepper,male
David Hamilton,Co-Founder& CDO,Pepper,https://app.dealroom.co/companies/pepper,male
Jaclyn Fu,Former CDO& Founder,Pepper,https://app.dealroom.co/companies/pepper,female
John Meuffels,Co-Founder - CEO/CTO,Pepper,https://app.dealroom.co/companies/pepper,male
Oliver White,Co-Founder - CEO/CTO,Pepper,https://app.dealroom.co/companies/pepper,male
Joe Pratt,CEO,Pepper,https://app.dealroom.co/companies/pepper,male
Przemek Krawczyk,Founder,FiglinQ BV,https://app.dealroom.co/companies/figlinq_bv,male
Assaf Nehoray,Unknown,Checklist.com,https://app.dealroom.co/companies/checklist_com,male
Eelco Veltenaar,Co-Founder,TruQu,https://app.dealroom.co/companies/truqu,male
Bart Kollau,Co-Founder,TruQu,https://app.dealroom.co/companies/truqu,male
Olga Pantchenko,Co-Founder,WIYO,https://app.dealroom.co/companies/wiyo,female
Floris De Langen,Co-Founder,Panel,https://app.dealroom.co/companies/participatie_panel,male
Roel Van De Wal,Co-Founder,Panel,https://app.dealroom.co/companies/participatie_panel,male
Edward Poot,CTO& Co-Founder,The Cirqle,https://app.dealroom.co/companies/cirqle,male
Damien Poelhekke,CTO& Co-Founder,The Cirqle,https://app.dealroom.co/companies/cirqle,male
Tamara Obradov,Former Co-Founder,The Cirqle,https://app.dealroom.co/companies/cirqle,female
Alexander Raginsky,CEO& Co-Founder,The Cirqle,https://app.dealroom.co/companies/cirqle,male
Daan Nederlof,CEO& Co-Founder,The Cirqle,https://app.dealroom.co/companies/cirqle,male
Niek Volkert,Advisor,The Cirqle,https://app.dealroom.co/companies/cirqle,male
Steven Lammertink,Partner,The Cirqle,https://app.dealroom.co/companies/cirqle,male
Ashkan Roshanayi,Partner,The Cirqle,https://app.dealroom.co/companies/cirqle,male
Steven Lammertink,Board Member,The Cirqle,https://app.dealroom.co/companies/cirqle,male
Niek Volkert,Co-Founder,The Cirqle,https://app.dealroom.co/companies/cirqle,male
Jente Insing,Co-Founder,The Cirqle,https://app.dealroom.co/companies/cirqle,male
Alex Bystrov,Unknown,The Cirqle,https://app.dealroom.co/companies/cirqle,male
julien Zaal,Owner,The Avocado Show,https://app.dealroom.co/companies/the_avocado_show,male
Marit Heemskerk,Partner,WIEWATHAAR,https://app.dealroom.co/companies/wiewathaar,female
Mark Hekkelman,CEO& Co-Founder,Pricewise,https://app.dealroom.co/companies/pricewise,male
Pauline Brakel,CEO& Co-Founder,Pricewise,https://app.dealroom.co/companies/pricewise,female
Hans D,Managing Director,Pricewise,https://app.dealroom.co/companies/pricewise,male
Lobke Zuidema,Co-Founder& Chief Product Officer,Pricewise,https://app.dealroom.co/companies/pricewise,female
Patrick hennuin,Co-Founder& Chief Product Officer,Pricewise,https://app.dealroom.co/companies/pricewise,male
Niels Brolman,Former,Pricewise,https://app.dealroom.co/companies/pricewise,male
Renée van der Heijden,CEO& Founder,Pricewise,https://app.dealroom.co/companies/pricewise,female
Claire Passy,CEO& Co-Founder,ThereSheGoes,https://app.dealroom.co/companies/thereshegoes,female
Claire Passy,CEO& Co-Founder,ThereSheGoes,https://app.dealroom.co/companies/thereshegoes,female
Guido van der Mark,Co-Founder,Crazy about Eggs,https://app.dealroom.co/companies/crazy_about_eggs,male
Jeroen Janssen,Co-Founder,Crazy about Eggs,https://app.dealroom.co/companies/crazy_about_eggs,male
Valborg Korthals Altes,CEO& Co-Founder,HelloElla,https://app.dealroom.co/companies/helloella,female
Dennis Brand,Co-Founder,Code Orange,https://app.dealroom.co/companies/code_orange,male
Ruben Gaalen,Co-Founder,Code Orange,https://app.dealroom.co/companies/code_orange,male
Jelle Oskam,Former Senior Software Engineer,Code Orange,https://app.dealroom.co/companies/code_orange,male
Jelle Oskam,Co-Founder,Code Orange,https://app.dealroom.co/companies/code_orange,male
David Schogt,Co-Founder,Code Orange,https://app.dealroom.co/companies/code_orange,male
David Schogt,Business analyst,Code Orange,https://app.dealroom.co/companies/code_orange,male
Dennis van den Brand,Founder,Code Orange,https://app.dealroom.co/companies/code_orange,male
Tim van Dalen,Founder,Code Orange,https://app.dealroom.co/companies/code_orange,male
Alexander Leenaers,Founder,HirePort,https://app.dealroom.co/companies/hireport,male
Remco Van De Ruit,Founder,HirePort,https://app.dealroom.co/companies/hireport,male
Bram Medema,Former,HirePort,https://app.dealroom.co/companies/hireport,male
Remco Ruit,Co-Founder,HirePort,https://app.dealroom.co/companies/hireport,male
Chris Zadeh,Co-Founder,HirePort,https://app.dealroom.co/companies/hireport,male
Bob Koster,Co-Founder,HirePort,https://app.dealroom.co/companies/hireport,male
Bram Medema,Co-Founder,HirePort,https://app.dealroom.co/companies/hireport,male
Wouter Hassing,Founder,Mycophilia,https://app.dealroom.co/companies/mycophilia,male
Marijke Bults,Founder,Mycophilia,https://app.dealroom.co/companies/mycophilia,female
Marijke Bults,Founder,Mycophilia,https://app.dealroom.co/companies/mycophilia,female
Patrique van der Valk,Founder,HotelKing,https://app.dealroom.co/companies/hotelking,male
Willem-Jan S.,Co-Founder,Adgoji,https://app.dealroom.co/companies/adgoji,male
Willem-Jan S.,Co-Founder,Adgoji,https://app.dealroom.co/companies/adgoji,male
Willem Schutte,Investor& Founder,Adgoji,https://app.dealroom.co/companies/adgoji,male
Alexander Elsas,Founder,Adgoji,https://app.dealroom.co/companies/adgoji,male
Ward de Kruijff,Founder,Adgoji,https://app.dealroom.co/companies/adgoji,male
Jeroen van Dijk,Co-Founder& Investor,Adgoji,https://app.dealroom.co/companies/adgoji,male
Alexander van Elsas,Founder,Adgoji,https://app.dealroom.co/companies/adgoji,male
Ruben Daniels,Founder,Memri,https://app.dealroom.co/companies/memri,male
Mérida Miller,Unknown,Project Fearless,https://app.dealroom.co/companies/project_fearless,female
Wouter Buijze,Former Co-Founder,Bundles,https://app.dealroom.co/companies/bundles,male
Emily Koedam,Former Co-Founder,Bundles,https://app.dealroom.co/companies/bundles,female
Marcel Peters,Unknown,Bundles,https://app.dealroom.co/companies/bundles,male
Arno Stienen,Director,Motek Medical,https://app.dealroom.co/companies/motek_medical,male
Rob de Vroet,Director,Motek Medical,https://app.dealroom.co/companies/motek_medical,male
Michiel Westerbeek,Co-Founder,Tella TV,https://app.dealroom.co/companies/tella_tv,male
Grant S.,Co-Founder,Tella TV,https://app.dealroom.co/companies/tella_tv,male
Ieth Inolino,Co-Founder,Makers Unite,https://app.dealroom.co/companies/makers_unite,
Thami Schweichler,Co-Founder,Makers Unite,https://app.dealroom.co/companies/makers_unite,male
Hester Ezra,Unknown,Makers Unite,https://app.dealroom.co/companies/makers_unite,female
Luc Kock,Founder,eFaqt,https://app.dealroom.co/companies/efaqt,male
Jochem Veer,Founder,eFaqt,https://app.dealroom.co/companies/efaqt,male
Christiaan Henny,Former,eFaqt,https://app.dealroom.co/companies/efaqt,male
Luan Naufal,CEO& Co-Founder,eFaqt,https://app.dealroom.co/companies/efaqt,male
Timon Rutten,CEO& Co-Founder,eFaqt,https://app.dealroom.co/companies/efaqt,male
Thomas van Til,Former,eFaqt,https://app.dealroom.co/companies/efaqt,male
Tames Rietdijk,Director& Founder,eFaqt,https://app.dealroom.co/companies/efaqt,male
Christiaan Henny,Director& Founder,eFaqt,https://app.dealroom.co/companies/efaqt,male
Alex Gekker,Former Founder,eFaqt,https://app.dealroom.co/companies/efaqt,male
Jeroen de Roos,System Development,Cloudtract,https://app.dealroom.co/companies/cloudtract,male
Angelique Schouten,System Development,Cloudtract,https://app.dealroom.co/companies/cloudtract,female
Michel Ko,CEO,Cloudtract,https://app.dealroom.co/companies/cloudtract,male
Hayo de Feijter,Co-Founder,Sunchem,https://app.dealroom.co/companies/sunchem,male
Sergio Tommasini,Co-Founder,Sunchem,https://app.dealroom.co/companies/sunchem,male
Kishan Chamman,Founder,Sally,https://app.dealroom.co/companies/sally,male
Wesley Botman,Founder,Sally,https://app.dealroom.co/companies/sally,male
Willem Guensberg,Founder,Oaky,https://app.dealroom.co/companies/oaky,male
Viktor Lundqvist,Founder,Oaky,https://app.dealroom.co/companies/oaky,male
Lars Jonker,Co-Founder,Oaky,https://app.dealroom.co/companies/oaky,male
Tako Paddenburg,Managing Director& Co-Founder,Oaky,https://app.dealroom.co/companies/oaky,female
Wouter Wisselink,Managing Director& Co-Founder,Oaky,https://app.dealroom.co/companies/oaky,male
Erik Tengen,Private Investor,Oaky,https://app.dealroom.co/companies/oaky,male
Rupert Gutteridge,Co-Founder& Marketing,Oaky,https://app.dealroom.co/companies/oaky,male
Saahil Karkera,Co-Founder& Marketing,Oaky,https://app.dealroom.co/companies/oaky,male
Melinda Jacobs,Co-Founder,Whatser,https://app.dealroom.co/companies/whatser,female
Michiel Verberg,Co-Founder,Whatser,https://app.dealroom.co/companies/whatser,male
Matthijs van Henten,Entrepreneur,Whatser,https://app.dealroom.co/companies/whatser,male
Victor Sint Nicolaas,Co-Founder,Summitto,https://app.dealroom.co/companies/summitto,male
Sascha J,Co-Founder,Summitto,https://app.dealroom.co/companies/summitto,male
Ralph De Geus,Founder,Yanomo,https://app.dealroom.co/companies/yanomo,male
Juul Manders,Founder,Yanomo,https://app.dealroom.co/companies/yanomo,female
Joost Schouten,Founder,Yanomo,https://app.dealroom.co/companies/yanomo,male
Jacob van Duijn,Founder,Yanomo,https://app.dealroom.co/companies/yanomo,male
Juul Manders,Founder,Yanomo,https://app.dealroom.co/companies/yanomo,female
Ralph de Geus,CEO& Founder,Yanomo,https://app.dealroom.co/companies/yanomo,male
Hanne Gerhards,Co-Founder,We say HEJ,https://app.dealroom.co/companies/we_say_hej,female
Jennifer Reinhard,Co-Founder,We say HEJ,https://app.dealroom.co/companies/we_say_hej,female
Shabnam Solati,CEO& Co-Founder,Mat Biotech,https://app.dealroom.co/companies/mat_biotech,female
Alon Ben Joseph,Co-Founder,Mokum Tech B.V.,https://app.dealroom.co/companies/mokum_tech,male
Jonathan Salomon,Co-Founder,Mokum Tech B.V.,https://app.dealroom.co/companies/mokum_tech,male
Alex Pisarevsky,Founder,Epic growth,https://app.dealroom.co/companies/epic_growth_1,male
Olga Kovaliova,Founder,Epic growth,https://app.dealroom.co/companies/epic_growth_1,female
Tim van der Vooren,CEO,Leasemore.nl,https://app.dealroom.co/companies/leasemore_nl,male
Tim van der Vooren,CEO,Leasemore.nl,https://app.dealroom.co/companies/leasemore_nl,male
Wouter Kloosterman,CEO& Founder,Ekster,https://app.dealroom.co/companies/ekster,male
Richard Canneman,CEO& Founder,Ekster,https://app.dealroom.co/companies/ekster,male
Rick Scharnigg,Former,Ekster,https://app.dealroom.co/companies/ekster,male
Olivier Momma,Co-Founder,Ekster,https://app.dealroom.co/companies/ekster,male
Olivier Momma,Co-Founder,Ekster,https://app.dealroom.co/companies/ekster,male
Akvilė Želnytė,Partner,Ekster,https://app.dealroom.co/companies/ekster,female
Rick Scharnigg,Founder,Ekster,https://app.dealroom.co/companies/ekster,male
Scott Kennedy,CEO,WeQ,https://app.dealroom.co/companies/weq_1,male
Ohyoon Kwon,CEO,WeQ,https://app.dealroom.co/companies/weq_1,
Harikishore Sreenivasalu,Marketing,WeQ,https://app.dealroom.co/companies/weq_1,male
Luc Franken,Director,Easy Software Deployment,https://app.dealroom.co/companies/easy_software_deployment,male
Dereck Breuning,Director,Easy Software Deployment,https://app.dealroom.co/companies/easy_software_deployment,male
Mendel Witzenhausen,Co-Founder,Funxtion,https://app.dealroom.co/companies/funxtion,male
Ernst Neef,Co-Founder,Funxtion,https://app.dealroom.co/companies/funxtion,male
Rik Beekers,Former Sales Manager,Funxtion,https://app.dealroom.co/companies/funxtion,male
Danny Woods,CEO& Co-Founder,Funxtion,https://app.dealroom.co/companies/funxtion,male
Rogier van Duyn,CEO& Founder,Mobypicture,https://app.dealroom.co/companies/mobypicture,male
Timan Rebel,CEO& Founder,Mobypicture,https://app.dealroom.co/companies/mobypicture,male
Ronald Treur,Former,Mobypicture,https://app.dealroom.co/companies/mobypicture,male
Mathys van Abbe,Co-Founder,Mobypicture,https://app.dealroom.co/companies/mobypicture,male
Werner Vogels,Co-Founder,Mobypicture,https://app.dealroom.co/companies/mobypicture,male
Glenn Wolters,Investor,Mobypicture,https://app.dealroom.co/companies/mobypicture,male
Daan van der,Co-Founder,Mobypicture,https://app.dealroom.co/companies/mobypicture,male
Frank Oirschot,Co-Founder,Livery Video,https://app.dealroom.co/companies/livery_video,male
Jeroen Elfferich,Co-Founder,Livery Video,https://app.dealroom.co/companies/livery_video,male
Rogier Smits,Former Managing Director& Co-Founder,Griffin Discoveries BV,https://app.dealroom.co/companies/griffin_discoveries_bv,male
Suzanne Vliet,COO& Founder,Bazoeki,https://app.dealroom.co/companies/bazoeki,female
Joris Kuijper,COO& Founder,Bazoeki,https://app.dealroom.co/companies/bazoeki,male
Niels De Keizer,CEO& Founder,Bazoeki,https://app.dealroom.co/companies/bazoeki,male
Suzanne van der Vliet,CEO& Founder,Bazoeki,https://app.dealroom.co/companies/bazoeki,female
Suzanne van der Vliet,Former,Bazoeki,https://app.dealroom.co/companies/bazoeki,female
Henk Cann,Founder,Lucius Digital,https://app.dealroom.co/companies/lucius_digital,male
Joris Snoek,Founder,Lucius Digital,https://app.dealroom.co/companies/lucius_digital,male
Mariano Galán,Unknown,Dedico,https://app.dealroom.co/companies/dedi_co_journeys_for_learning,male
mariano galan,Unknown,Dedico,https://app.dealroom.co/companies/dedi_co_journeys_for_learning,male
Dirk Groten,Former Art Director,Dedico,https://app.dealroom.co/companies/dedi_co_journeys_for_learning,male
Frank D,CEO& Founder,The Pure Goat Company,https://app.dealroom.co/companies/the_pure_goat_company,male
Frank D.,CEO& Founder,The Pure Goat Company,https://app.dealroom.co/companies/the_pure_goat_company,male
Peter Huizing,Former Trainee,The Pure Goat Company,https://app.dealroom.co/companies/the_pure_goat_company,male
Michael Van Duijn,CEO,Ortec,https://app.dealroom.co/companies/ortec_1,male
Casper Hoope,Co-Founder,Thalex,https://app.dealroom.co/companies/thalex,male
Leila Khouja Walker,Founder,Wizenoze,https://app.dealroom.co/companies/wizenoze,female
Theo Huibers,Founder,Wizenoze,https://app.dealroom.co/companies/wizenoze,male
Diane Janknegt,Unknown,Wizenoze,https://app.dealroom.co/companies/wizenoze,female
Giwan Persaud,Co-Founder,Wizenoze,https://app.dealroom.co/companies/wizenoze,male
Fredrik P,Co-Founder,Wizenoze,https://app.dealroom.co/companies/wizenoze,male
Eric Spaan,Professor,Wizenoze,https://app.dealroom.co/companies/wizenoze,male
Letitia Mukherjee,Co-Founder,Wizenoze,https://app.dealroom.co/companies/wizenoze,female
Vaughn Dickson,Co-Founder,Wizenoze,https://app.dealroom.co/companies/wizenoze,male
Rob Stringer,Unknown,Wizenoze,https://app.dealroom.co/companies/wizenoze,male
Hanna Jochmann-Mannak,Unknown,Wizenoze,https://app.dealroom.co/companies/wizenoze,female
Thijs Westerveld,Unknown,Wizenoze,https://app.dealroom.co/companies/wizenoze,male
Hanna Jochmann,Unknown,Wizenoze,https://app.dealroom.co/companies/wizenoze,female
Theo Huibers,CTO,Wizenoze,https://app.dealroom.co/companies/wizenoze,male
Davide Iannuzzi,Co-Founder& Advisor,Optics11 Life,https://app.dealroom.co/companies/optics11_life,male
Hans Brouwer,Co-Founder& Advisor,Optics11 Life,https://app.dealroom.co/companies/optics11_life,male
Kaveh Memarzadeh,Founder,Optics11 Life,https://app.dealroom.co/companies/optics11_life,male
Giorgio MATTEI,Former CEO& Founder,Optics11 Life,https://app.dealroom.co/companies/optics11_life,male
Grzegorz Gruca,Former CEO& Founder,Optics11 Life,https://app.dealroom.co/companies/optics11_life,male
Willem Van Den Berg,Former CEO& Founder,Optics11 Life,https://app.dealroom.co/companies/optics11_life,male
Niek Rijnveld,Founder,Optics11 Life,https://app.dealroom.co/companies/optics11_life,male
Jos Bourgonje,Founder,Optics11 Life,https://app.dealroom.co/companies/optics11_life,male
Edo van Royen,Co-Founder,Studyflow,https://app.dealroom.co/companies/studyflow,male
Alex Iwaniuk,Co-Founder,Studyflow,https://app.dealroom.co/companies/studyflow,male
Marre Kunst,Senior Software Engineer,Studyflow,https://app.dealroom.co/companies/studyflow,female
Tom van Vooren,Senior Software Engineer,Studyflow,https://app.dealroom.co/companies/studyflow,male
Jan Willem Gerritsen,Head of Content,Studyflow,https://app.dealroom.co/companies/studyflow,male
Luke Liplijn,Founder,BioScope Health,https://app.dealroom.co/companies/bioscope_health,male
Patrick Bonham,Co-Founder,Cryptorefills,https://app.dealroom.co/companies/cryptorefills,male
Mats Veenman,Co-Founder,Cryptorefills,https://app.dealroom.co/companies/cryptorefills,male
Simonluca Landi,Product Manager,Cryptorefills,https://app.dealroom.co/companies/cryptorefills,male
Massimiliano Silenzi,Director& Founder,Cryptorefills,https://app.dealroom.co/companies/cryptorefills,male
Gerry Haag,Director& Founder,Cryptorefills,https://app.dealroom.co/companies/cryptorefills,male
Francesca Cappannini,Unknown,Cryptorefills,https://app.dealroom.co/companies/cryptorefills,female
Maarten Gomes,Co-Founder,Vood (Formerly Plant B),https://app.dealroom.co/companies/vood_formerly_plant_b_,male
Myrthe Vlis,Co-Founder,Vood (Formerly Plant B),https://app.dealroom.co/companies/vood_formerly_plant_b_,female
Joost Esser,Co-Founder,Vood (Formerly Plant B),https://app.dealroom.co/companies/vood_formerly_plant_b_,male
Robert Mureau,Founder,Vood (Formerly Plant B),https://app.dealroom.co/companies/vood_formerly_plant_b_,male
Daniel Hanemann,Founder,Vood (Formerly Plant B),https://app.dealroom.co/companies/vood_formerly_plant_b_,male
Rene Manchester,Co-Founder,Vood (Formerly Plant B),https://app.dealroom.co/companies/vood_formerly_plant_b_,male
Maurits Koopman,Co-Founder,Vood (Formerly Plant B),https://app.dealroom.co/companies/vood_formerly_plant_b_,male
Boyan Nijpels,Co-Founder,Vood (Formerly Plant B),https://app.dealroom.co/companies/vood_formerly_plant_b_,male
Hein de Jong,Former Co-Founder,Vood (Formerly Plant B),https://app.dealroom.co/companies/vood_formerly_plant_b_,male
Ivana Setiawan,CEO,Venopi,https://app.dealroom.co/companies/venopi,female
Sebastiaan Moeys,Co-Founder,Poki,https://app.dealroom.co/companies/poki,male
Michiel van Amerongen,Co-Founder,Poki,https://app.dealroom.co/companies/poki,male
Armin Ranjbar,Co-Founder,Crystal Blockchain,https://app.dealroom.co/companies/crystal_blockchain,male
Marina Khaustova,Co-Founder,Crystal Blockchain,https://app.dealroom.co/companies/crystal_blockchain,female
Kyrylo Chykhradze,Co-Founder,Crystal Blockchain,https://app.dealroom.co/companies/crystal_blockchain,male
Michael Massa,Co-Founder,Ozarka,https://app.dealroom.co/companies/ozarka_b_v_,male
Beth Massa,Co-Founder,Ozarka,https://app.dealroom.co/companies/ozarka_b_v_,female
Robert Bonn,Unknown,Squall (GreenA),https://app.dealroom.co/companies/squall,male
Bibi Schmidt,Founder,Blue Feniks,https://app.dealroom.co/companies/blue_feniks,female
Maarten Sluyter,COO,Bugaboo International B.V.,https://app.dealroom.co/companies/bugaboo_international_b_v_,male
Berend Rijnsdorp,COO,Bugaboo International B.V.,https://app.dealroom.co/companies/bugaboo_international_b_v_,male
Onno Heumen,COO& Chief Operating Officer,Bugaboo International B.V.,https://app.dealroom.co/companies/bugaboo_international_b_v_,male
Kibet Kipkemoi,COO,Bugaboo International B.V.,https://app.dealroom.co/companies/bugaboo_international_b_v_,male
Fleur Schraven,COO,Bugaboo International B.V.,https://app.dealroom.co/companies/bugaboo_international_b_v_,female
Eric Weenink,Former Mentor,Bugaboo International B.V.,https://app.dealroom.co/companies/bugaboo_international_b_v_,male
Mitch Roedoe,Founder,Bugaboo International B.V.,https://app.dealroom.co/companies/bugaboo_international_b_v_,male
Tyler Reynolds,CEO& Co-Founder,Vylo,https://app.dealroom.co/companies/vylo,male
Llewellyn Allen,CEO& Co-Founder,Vylo,https://app.dealroom.co/companies/vylo,male
Candice Storm,Founder,StormCIS Design,https://app.dealroom.co/companies/stormcis_design,female
Adriaan Rossum,Founder,Social Shop (Member get member),https://app.dealroom.co/companies/social_shop,male
Viresh narain,Founder,Social Shop (Member get member),https://app.dealroom.co/companies/social_shop,male
Sander Dullaart,Unknown,Social Shop (Member get member),https://app.dealroom.co/companies/social_shop,male
Friso Klapwijk,Director,Dakdokters,https://app.dealroom.co/companies/dakdokters,male
Jeroen Schutz,Director,Schoolpoort,https://app.dealroom.co/companies/schoolpoort,male
Peter-Paul Laumans,Director,Schoolpoort,https://app.dealroom.co/companies/schoolpoort,male
Erwin van Meeteren,Former,Schoolpoort,https://app.dealroom.co/companies/schoolpoort,male
Tiago Martins,CTO& Co-Founder,Songvice,https://app.dealroom.co/companies/songvice,male
Pedro Silva,CTO& Co-Founder,Songvice,https://app.dealroom.co/companies/songvice,male
Luís Dias,CEO,Songvice,https://app.dealroom.co/companies/songvice,male
Barney Graman,Co-founder & Content Director,Songvice,https://app.dealroom.co/companies/songvice,male
Henrique Caiano,Co-founder & Content Director,Songvice,https://app.dealroom.co/companies/songvice,male
