Link,Company name,Industries,Funding,Founders data
https://app.dealroom.co/companies/uptrek,IJsfontein,"['gaming', 'education']",Unknown,"[{'name': 'Thorsten Unger', 'title': 'CEO& Investor'}, {'name': 'Guido Boogaard', 'title': 'CEO& Investor'}, {'name': 'Hermann Kudlich', 'title': 'Advisor'}, {'name': 'Marvin van Kalsbeek', 'title': 'Co-Founder'}, {'name': 'Hayo Wagenaar', 'title': 'Co-Founder'}, {'name': 'Jan Willem Huisman', 'title': 'Former'}, {'name': 'Richard Lustemberg', 'title': 'Co-Founder'}, {'name': 'Dries Verbruggen', 'title': 'Co-Founder'}, {'name': 'Milagros Aleman', 'title': 'Unknown'}, {'name': 'Sjors van Hedel', 'title': 'Unknown'}, {'name': 'Don Blaauw', 'title': 'Unknown'}]"
https://app.dealroom.co/companies/sila_health,Sila Health,['health'],Unknown,[]
https://app.dealroom.co/companies/idea_synergy,Idea Synergy,"['media', 'enterprise software']",Unknown,[]
https://app.dealroom.co/companies/bit4coin_bv,B4C Markets,['fintech'],Unknown,[]
https://app.dealroom.co/companies/bright_union,Bright Union,['fintech'],Unknown,"[{'name': 'Kiril Ivanov', 'title': 'Co-Founder'}, {'name': 'chris', 'title': 'Co-Founder'}]"
https://app.dealroom.co/companies/welectric_,Welectric,['transportation'],['$550k'],"[{'name': 'Wouter Klaase', 'title': 'Co-Founder'}, {'name': 'Ivo Brandsma', 'title': 'Co-Founder'}]"
https://app.dealroom.co/companies/nearones_b_v_,NearOnes,['home living'],Unknown,"[{'name': 'Toni Lufi', 'title': 'CEO& Co-Founder'}, {'name': 'Yvonne Greeuw', 'title': 'CEO& Co-Founder'}]"
https://app.dealroom.co/companies/uni_life,Uni-Life,"['education', 'marketing']",['$719k'],"[{'name': 'Joep Annega', 'title': 'Founder'}, {'name': 'Thomas Smulders', 'title': 'Founder'}, {'name': 'Joep Annega', 'title': 'Co-Founder& COO'}]"
https://app.dealroom.co/companies/ikbenfrits,Ikbenfrits,"['fintech', 'real estate']",['$2.2m'],"[{'name': 'Elise Mol', 'title': 'Co-Founder'}, {'name': 'Joost Schulze', 'title': 'Co-Founder'}, {'name': 'Thomas de Leeuw', 'title': 'Former'}, {'name': 'Michiel Lensink', 'title': 'Co-Founder'}, {'name': 'Hans De Back', 'title': 'Co-Founder'}, {'name': 'Nina Meiling', 'title': 'Assistant'}, {'name': 'Michiel', 'title': 'Co-Founder'}, {'name': 'Linda Bouma', 'title': 'Co-Founder'}, {'name': 'Niek Veendrick', 'title': 'Co-Founder'}]"
https://app.dealroom.co/companies/brxs,Brxs,"['fintech', 'real estate']",['$3.3m'],"[{'name': 'Amrita Ramsaransing', 'title': 'Co-Founder'}]"
https://app.dealroom.co/companies/gdpr_365,PrivIQ,['legal'],Unknown,"[{'name': 'Tai Chesselet', 'title': 'Founder'}]"
https://app.dealroom.co/companies/holiday_sitters,Holiday Sitters,"['travel', 'kids']",Unknown,"[{'name': 'Galit Bauer', 'title': 'Co-Founder& COO'}, {'name': 'Ela Slutski', 'title': 'Co-Founder& COO'}, {'name': 'Ela Slutski', 'title': 'Former'}]"
https://app.dealroom.co/companies/social_links,Social Links,['security'],Unknown,"[{'name': 'Andrey Kulikov', 'title': 'Co-Founder'}]"
https://app.dealroom.co/companies/duckdb_labs,DuckDB Labs,['service provider'],Unknown,"[{'name': 'Mark Raasveldt', 'title': 'CTO& Co-Founder'}, {'name': 'Hannes Mühleisen', 'title': 'CTO& Co-Founder'}]"
https://app.dealroom.co/companies/floepp,floepp,['robotics'],Unknown,"[{'name': 'Jurriaan Vollebregt', 'title': 'Founder'}, {'name': 'Peter Bontenbal', 'title': 'Founder'}]"
https://app.dealroom.co/companies/preactive_1,PreActive,['health'],Unknown,[]
https://app.dealroom.co/companies/city_ai,City.AI,['media'],Unknown,"[{'name': 'Todd Terrazas', 'title': 'Founder'}, {'name': 'Lesly Zerna', 'title': 'Founder'}, {'name': 'Jovan Stojanovic', 'title': 'Advisor'}, {'name': 'Felipe Contreras', 'title': 'Unknown'}, {'name': 'Daniel Hulme', 'title': 'Unknown'}, {'name': 'Mike Reiner', 'title': 'Unknown'}, {'name': 'Dominik Blattner', 'title': 'CEO& Co-Founder'}, {'name': 'Christoph Auer-Welsbach', 'title': 'CEO& Co-Founder'}, {'name': 'Raphael Danilo', 'title': 'Founder'}, {'name': 'Simona Nickmanova', 'title': 'Co-Founder'}, {'name': 'Filipe Forattini', 'title': 'Co-Founder'}]"
https://app.dealroom.co/companies/nowatch,NoWatch,['fashion'],['$8.7m'],"[{'name': 'Timothée Manschot', 'title': 'Founder'}, {'name': 'Hylke Muntinga', 'title': 'Founder'}, {'name': 'Michiel Koning', 'title': 'Board Member'}, {'name': 'Chris van Voorden', 'title': 'CEO& Founder'}]"
https://app.dealroom.co/companies/wego_1,WeGo,['transportation'],Unknown,"[{'name': 'Arun Thampi', 'title': 'CEO& Co-Founder'}, {'name': 'Chris Bailey', 'title': 'CEO& Co-Founder'}, {'name': 'Peter De Jong', 'title': 'Developer'}, {'name': 'Dean Wicks', 'title': 'CTO& Co-Founder'}, {'name': 'Matthew Varley', 'title': 'CTO& Co-Founder'}, {'name': 'Miron Perel', 'title': 'CEO'}, {'name': 'Joachim Holte', 'title': 'Managing Director'}, {'name': 'Graham Hills', 'title': 'Managing Director'}, {'name': 'Jackson Fernandes', 'title': 'Former Business Development'}, {'name': 'Cheah Chu Yeow', 'title': 'Chief Flights Officer'}]"
https://app.dealroom.co/companies/trickle_work,Trickle,['jobs recruitment'],Unknown,"[{'name': 'Bo Wesdorp', 'title': 'Co-Founder'}, {'name': 'Dale Wesdorp', 'title': 'Co-Founder'}, {'name': 'Nadal Alyafaie', 'title': 'Former Co-Founder'}, {'name': 'Nica Renoult', 'title': 'Founder'}, {'name': 'Roos Aduagyei', 'title': 'Founder'}]"
https://app.dealroom.co/companies/rodeo,Rodeo,"['jobs recruitment', 'enterprise software']",['$8.3m'],"[{'name': 'Alex Vrees', 'title': 'Co-Founder'}, {'name': 'Marc van Neerven', 'title': 'Co-Founder'}, {'name': 'Pieter Vos', 'title': 'Former'}, {'name': 'Alexander', 'title': 'CTO'}]"
https://app.dealroom.co/companies/compliancewise,ComplianceWise,['fintech'],Unknown,"[{'name': 'Maarten Moen', 'title': 'Managing Director& Founder'}, {'name': 'Michiel van der Steeg', 'title': 'Managing Director& Founder'}, {'name': 'Maarten Moen', 'title': 'Former'}, {'name': 'Roman Lukaschuk', 'title': 'Founder'}, {'name': 'Christiaan Dappers', 'title': 'Founder'}]"
https://app.dealroom.co/companies/syllucid_b_v_,Syllucid,"['telecom', 'consumer electronics']",Unknown,"[{'name': 'Andrew Appleby', 'title': 'Founder'}, {'name': 'Fabian Huhne', 'title': 'Founder'}, {'name': 'Jess McCulloch', 'title': 'Former'}, {'name': 'Andrew Appleby', 'title': 'Co-Founder'}]"
https://app.dealroom.co/companies/indigo_amsterdam,Indigo Amsterdam,['jobs recruitment'],Unknown,"[{'name': 'Jaap van Goch', 'title': 'Owner'}, {'name': 'Willem ter Harmsel', 'title': 'Owner'}, {'name': 'Marit Keetman', 'title': 'Unknown'}, {'name': 'Madelon Peters', 'title': 'Owner'}, {'name': 'Willem ter Harmsel', 'title': 'Owner'}, {'name': 'Jaap van Goch', 'title': 'Owner'}]"
https://app.dealroom.co/companies/taal_in_het_bedrijf,TopTaal,['education'],Unknown,"[{'name': 'Monique Deenik', 'title': 'Founder'}, {'name': 'Jeroen Bijman', 'title': 'Founder'}, {'name': 'Bart Deenik', 'title': 'COO'}]"
https://app.dealroom.co/companies/new_industrial_order,New Industrial Order,['fashion'],Unknown,"[{'name': 'Rosanne Meer', 'title': 'Founder'}, {'name': 'Annelie Ansingh', 'title': 'Founder'}, {'name': 'Rosanne van der Meer', 'title': 'Co-Founder'}]"
https://app.dealroom.co/companies/sourcing_eco,Sourcing.eco,"['energy', 'home living']",Unknown,"[{'name': 'Mina Amrouche', 'title': 'Co-Founder'}, {'name': 'Daria Mishchuk', 'title': 'Co-Founder'}, {'name': 'daria', 'title': 'Unknown'}]"
https://app.dealroom.co/companies/satelleat,Satelleat,['food'],['$1.7m'],"[{'name': 'Amé Al-Rawi', 'title': 'Founder'}, {'name': 'Nathalie Cohen', 'title': 'Founder'}, {'name': 'Ame Al-Rawi', 'title': 'CTO& Co-Founder'}, {'name': 'Ame Al-Rawi', 'title': 'CTO& Co-Founder'}]"
https://app.dealroom.co/companies/sprinklr_co,Sprinklr.co,['home living'],Unknown,"[{'name': 'Marcel van der Heijden', 'title': 'Investor'}, {'name': 'Marcel van der Heijden', 'title': 'Investor'}, {'name': 'Frans Twisk', 'title': 'Investor'}, {'name': 'Liedewij Loorbach', 'title': 'Investor'}, {'name': 'Melissa das Dores', 'title': 'Investor'}, {'name': 'Suzanne van Straaten', 'title': 'Investor'}, {'name': 'Derk van Wingerden', 'title': 'Co-Founder& Product Designer'}]"
https://app.dealroom.co/companies/benext_1,BeNext,['energy'],Unknown,[]
https://app.dealroom.co/companies/getease,GetEase,['wellness beauty'],['$924k'],"[{'name': 'Maurits Cler', 'title': 'Co-Founder'}, {'name': 'Ilona Wegen', 'title': 'Co-Founder'}]"
https://app.dealroom.co/companies/optiply,Optiply,['enterprise software'],Unknown,"[{'name': 'David Duwaer', 'title': 'Founder'}, {'name': 'Wiebe Konter', 'title': 'Founder'}, {'name': 'Sander Broek', 'title': 'Former'}, {'name': 'João Fernandes', 'title': 'CEO& Co-Founder'}, {'name': 'Greg Raaijmakers', 'title': 'CEO& Co-Founder'}, {'name': 'Saahil Karkera', 'title': 'CTO& Co-Founder'}]"
https://app.dealroom.co/companies/labelfuse,Labelfuse,"['energy', 'enterprise software']",['$341k'],"[{'name': 'Jurgen van der Vlist', 'title': 'CTO& Co-Founder'}, {'name': 'Jurgen van der Vlist', 'title': 'CTO& Co-Founder'}]"
https://app.dealroom.co/companies/schnoodle_finance,Schnoodle Finance,['fintech'],Unknown,"[{'name': 'Jason Payne.', 'title': 'Former Technical Architect'}]"
https://app.dealroom.co/companies/medical_vr,Medical VR,['health'],Unknown,"[{'name': 'Chris Hordijk', 'title': 'Founder'}, {'name': 'Chris Hordijk', 'title': 'Founder'}]"
https://app.dealroom.co/companies/switch_datacenters,Switch Datacenters,"['hosting', 'hosting']",Unknown,"[{'name': 'Gregor Snip', 'title': 'CEO& Co-Founder'}]"
https://app.dealroom.co/companies/tweetfavy,TweetFavy,['media'],Unknown,"[{'name': 'Jerre Baumeister', 'title': 'Unknown'}]"
https://app.dealroom.co/companies/qdxray,QDXray,"['telecom', 'service provider']",Unknown,"[{'name': 'Frans Biesheuvel', 'title': 'Co-Founder'}, {'name': 'Sima Chatterjee', 'title': 'Co-Founder'}]"
https://app.dealroom.co/companies/trippur,Trippur,['travel'],Unknown,"[{'name': 'Liliana Rosario Lor', 'title': 'CEO& Founder'}, {'name': 'Django Lor', 'title': 'CEO& Founder'}]"
https://app.dealroom.co/companies/worksuite,Worksuite,"['jobs recruitment', 'enterprise software']",Unknown,"[{'name': 'Joey Davelaar', 'title': 'Co-Founder& Head of growth'}, {'name': 'Joey Davelaar', 'title': 'Co-Founder& Head of growth'}, {'name': 'Tim Jansen', 'title': 'Unknown'}, {'name': 'Tim Jansen', 'title': 'Co-Founder& Head of growth'}, {'name': 'Derk Disselhoff', 'title': 'Co-Founder& Head of growth'}, {'name': 'Derk Disselhoff', 'title': 'Sales& Mentor'}, {'name': 'Agota', 'title': 'Co-Founder& Data Scientist'}]"
https://app.dealroom.co/companies/cyan_reef,Cyan Reef,['fintech'],Unknown,"[{'name': 'Marian Tarnavskyi', 'title': 'Co-Founder'}, {'name': 'Domile Andruskeviciute', 'title': 'Co-Founder'}, {'name': 'Marian Tarnavskyi', 'title': 'Business Associate'}]"
https://app.dealroom.co/companies/flexbook,Flexbook,['jobs recruitment'],Unknown,"[{'name': 'Diederik Keverling Buisman', 'title': 'Unknown'}]"
https://app.dealroom.co/companies/serket_tech,Serket Tech,['food'],['$55.0k'],"[{'name': 'Kristóf Nagy', 'title': 'CEO'}]"
https://app.dealroom.co/companies/homedeco,HomeDeco,"['media', 'marketing']",['$150k'],"[{'name': 'Itai Gross', 'title': 'CEO& Co-Founder'}, {'name': 'Thijs Goos', 'title': 'CEO& Co-Founder'}, {'name': 'Ayla van Olphen', 'title': 'Non Executive Director'}, {'name': 'Ayla van Olphen', 'title': 'CEO'}]"
https://app.dealroom.co/companies/anyways,Anyways,['transportation'],Unknown,"[{'name': 'Ilse Vonk', 'title': 'Former Co-Founder& COO'}, {'name': 'Wesley Kruijff', 'title': 'Former Co-Founder& COO'}]"
https://app.dealroom.co/companies/referral_factory,Referral Factory,"['media', 'marketing']",Unknown,"[{'name': 'Kirsty Sharman', 'title': 'Founder'}]"
https://app.dealroom.co/companies/everywhereim,EverywhereIM,['health'],Unknown,"[{'name': 'René Kock', 'title': 'Owner'}]"
https://app.dealroom.co/companies/uncover_legal,Uncover Legal,"['legal', 'enterprise software']",Unknown,"[{'name': 'Caroline Zand-Korteweg', 'title': 'Co-Founder'}, {'name': 'Ingrid Van De Pol - Mensing', 'title': 'Co-Founder'}, {'name': 'JC Heyneke', 'title': 'Unknown'}]"
https://app.dealroom.co/companies/ikonospace,Ikonospace,"['real estate', 'marketing']",Unknown,"[{'name': 'Joris Demnard', 'title': 'CEO'}]"
https://app.dealroom.co/companies/roam_ai,Roam.ai (formerly: GeoSpark),"['energy', 'enterprise software']",['$1.2m'],"[{'name': 'Rick van Boekel', 'title': 'Board Member'}, {'name': 'Manoj Adithya', 'title': 'Board Member'}, {'name': 'Jothi Priyadharshan Ramakrishnan', 'title': 'Board Member'}, {'name': 'Jothi Priyadharshan Ramakrishnan', 'title': 'CEO& Co-Founder'}]"
https://app.dealroom.co/companies/speechifai,SpeechifAI,['marketing'],['$121k'],"[{'name': 'Valentin Kassarnig', 'title': 'CTO& Co-Founder'}, {'name': 'Tudor Mihailescu', 'title': 'CTO& Co-Founder'}, {'name': 'Julien Taylor', 'title': 'Research Assistant'}]"
https://app.dealroom.co/companies/eensim,Eensim,['telecom'],Unknown,"[{'name': 'Jorma De Ronde', 'title': 'Owner'}]"
https://app.dealroom.co/companies/lumos,Lumos,['energy'],['$115m'],"[{'name': 'Eddie Sadan', 'title': 'Co-Founder'}, {'name': 'Moshe Bartov', 'title': 'Co-Founder'}, {'name': 'Yoav Medan', 'title': 'Co-Founder'}, {'name': 'Davidi Vortman', 'title': 'CEO& Co-Founder'}, {'name': 'Nir Marom', 'title': 'CEO& Co-Founder'}]"
https://app.dealroom.co/companies/the_social_handshake,The Social Handshake,"['fintech', 'enterprise software']",['$462k'],"[{'name': 'Sandra Beest', 'title': 'CEO& Founder'}, {'name': 'Sandra van Beest', 'title': 'CEO& Founder'}, {'name': 'Marieke van den Berg', 'title': 'CEO& Founder'}, {'name': 'Maarten Muter', 'title': 'CEO& Founder'}]"
https://app.dealroom.co/companies/farm21,Farm21,"['food', 'enterprise software']",['$1.3m'],"[{'name': 'Koen Ter Velde', 'title': 'Founder'}, {'name': 'Joey Houtenbos', 'title': 'Founder'}, {'name': 'Thomas Houwers', 'title': 'Founder'}, {'name': 'Bas Alderding', 'title': 'Founder'}, {'name': 'Kelly Wright', 'title': 'CEO& Co-Founder'}, {'name': 'Bas Alderding', 'title': 'CEO& Co-Founder'}, {'name': 'Thomas Houwers', 'title': 'Former Designer'}, {'name': 'Yann Weijer', 'title': 'Co-Founder& Commercial Director'}]"
https://app.dealroom.co/companies/wizzymaps,Wizzymaps,"['media', 'event tech']",Unknown,"[{'name': 'Afke Blanksma', 'title': 'Co-Founder& Business Development'}, {'name': 'Bas Kostelijk', 'title': 'Co-Founder& Business Development'}]"
https://app.dealroom.co/companies/kosa_ai,KOSA AI,"['health', 'jobs recruitment']",Unknown,"[{'name': 'Sonali Sanghrajka', 'title': 'Co-Founder& CCO'}, {'name': 'Sonali Sanghrajka', 'title': 'Co-Founder& CCO'}, {'name': 'Layla Li', 'title': 'CSO'}]"
https://app.dealroom.co/companies/medicpad,Medicpad,['health'],Unknown,"[{'name': 'Mihai Draghici', 'title': 'Founder'}]"
https://app.dealroom.co/companies/sunrise_daily_goods,Sunrise AI,"['health', 'food']",['$110k'],"[{'name': 'Ryan Janecek', 'title': 'Co-Founder& COO'}, {'name': 'Ruben', 'title': 'Co-Founder& COO'}]"
https://app.dealroom.co/companies/holland_at_home,Holland at Home,['food'],Unknown,"[{'name': 'Lars Heugel', 'title': 'Managing Director& Co-Founder'}, {'name': 'Wouter van Hilten', 'title': 'Managing Director& Co-Founder'}, {'name': 'Angela Heykoop', 'title': 'Director'}]"
https://app.dealroom.co/companies/makus,MAKUS,['home living'],['$250k'],[]
https://app.dealroom.co/companies/etq_amsterdam,ETQ Amsterdam,['fashion'],Unknown,"[{'name': 'Sebastian Monteban', 'title': 'CEO& Founder'}, {'name': 'Patrick Woude', 'title': 'CEO& Founder'}, {'name': 'Patrick van der Woude', 'title': 'Intern'}, {'name': 'Robin Engelen', 'title': 'Co-Founder'}]"
https://app.dealroom.co/companies/checkmetrix,Checkmetrix,"['fintech', 'enterprise software']",['$55.0k'],"[{'name': 'Dominik Harz', 'title': 'CTO& Co-Founder'}, {'name': 'Pieter Paul van den Hoven', 'title': 'CTO& Co-Founder'}]"
https://app.dealroom.co/companies/bit_academy,BIT academy,['education'],Unknown,"[{'name': 'Dennis Berkhof', 'title': 'Co-Founder'}, {'name': 'Marco van der Werf', 'title': 'Co-Founder'}]"
https://app.dealroom.co/companies/apochi_bv,Apochi.com,"['travel', 'travel']",Unknown,"[{'name': 'Afshin Shirzadi', 'title': 'Co-Founder'}]"
https://app.dealroom.co/companies/noxsleepdrink,NOX Sleep Drink,['food'],Unknown,"[{'name': 'Simon Padt', 'title': 'Co-Founder'}]"
https://app.dealroom.co/companies/tapelectric,Tap Electric,"['energy', 'transportation']",['$1.1m'],"[{'name': 'Dan Pezim', 'title': 'Co-Founder'}, {'name': 'Dan Pezim', 'title': 'Co-Founder'}, {'name': 'Nico Spoelstra', 'title': 'CCO& Founder'}]"
https://app.dealroom.co/companies/designbro,DesignBro,['marketing'],['$440k'],"[{'name': 'Christiaan Huynen', 'title': 'CEO& Founder'}, {'name': 'Pieter-Jan Hoogendijk', 'title': 'CEO& Founder'}, {'name': 'PJ Hoogendijk', 'title': 'CTO& Co-Founder'}]"
https://app.dealroom.co/companies/tablevibe_co,Tablevibe.co,"['food', 'enterprise software']",['$1.6m'],"[{'name': 'Farouk Kadous', 'title': 'Investor'}, {'name': 'Farouk Kadous.', 'title': 'Investor'}, {'name': 'Jeroen Rutten', 'title': 'Investor'}]"
https://app.dealroom.co/companies/vraaghugo,Vraaghugo,['legal'],Unknown,"[{'name': 'Wanda van Kerkvoorden', 'title': 'Co-Founder'}, {'name': 'Pim Betist', 'title': 'Co-Founder'}]"
https://app.dealroom.co/companies/yezzer,Yezzer,['fintech'],Unknown,"[{'name': 'Annette Wassenaar', 'title': 'Director& Co-Founder'}, {'name': 'Adriaan van Loon', 'title': 'Director& Co-Founder'}]"
https://app.dealroom.co/companies/wanderbrief,Wanderbrief,['marketing'],Unknown,[]
https://app.dealroom.co/companies/docflow,Docflow,"['legal', 'enterprise software']",['$1.4m'],"[{'name': 'Isabel Brouwer', 'title': 'Founder'}, {'name': 'Tim Stuart', 'title': 'Founder'}, {'name': 'Tim Stuart', 'title': 'Board Member'}, {'name': 'Angrick Capriles Torres', 'title': 'CEO& Founder'}, {'name': 'Christine Koekkoek', 'title': 'CEO& Founder'}, {'name': 'Christine', 'title': 'Co-Founder'}]"
https://app.dealroom.co/companies/panda_international,Panda International,['jobs recruitment'],Unknown,"[{'name': 'Daisy Tazelaar', 'title': 'Co-Founder& Managing Partner'}, {'name': 'Jay Freeman', 'title': 'Co-Founder& Managing Partner'}, {'name': 'Caitlin Girdwood', 'title': 'Managing Director& Co-Founder'}, {'name': 'Anthony', 'title': 'Managing Director& Co-Founder'}]"
https://app.dealroom.co/companies/green_city_watch,Green City Watch,['energy'],Unknown,"[{'name': 'Nadina Galle', 'title': 'Co-Founder'}, {'name': 'Jim Groot', 'title': 'Co-Founder'}, {'name': 'Chris van Diemen', 'title': 'Strategic Advisor'}]"
https://app.dealroom.co/companies/socialaudience,Digital Audience,"['marketing', 'enterprise software']",['$110k'],"[{'name': 'Gabriele', 'title': 'Unknown'}, {'name': 'Ruben Niet', 'title': 'Unknown'}]"
https://app.dealroom.co/companies/hello_bike,Hello-Bike,['transportation'],Unknown,"[{'name': 'Thomas Graaf', 'title': 'Co-Founder'}, {'name': 'Tijmen De Vries', 'title': 'Co-Founder'}]"
https://app.dealroom.co/companies/pakketmail,PakketMail,['transportation'],Unknown,"[{'name': 'Jorn Spiertz', 'title': 'Co-Founder'}, {'name': 'Mark Bastiaanssen', 'title': 'Co-Founder'}, {'name': 'Jorn Spiertz', 'title': 'Co-Founder'}]"
https://app.dealroom.co/companies/sensity_ai,Sensity AI (formerly Deeptrace),['security'],Unknown,"[{'name': 'Giorgio Patrini', 'title': 'CEO& Chief Scientist'}, {'name': 'Francesco Cavalli', 'title': 'CEO& Chief Scientist'}, {'name': 'Giorgio Patrini', 'title': 'Co-Founder& COO'}, {'name': 'Francesco Cavalli', 'title': 'Co-Founder& COO'}]"
https://app.dealroom.co/companies/assistiveware,AssistiveWare,"['media', 'education']",Unknown,"[{'name': 'David Niemeijer', 'title': 'CEO'}]"
https://app.dealroom.co/companies/augmento_1_1,Augmento,['marketing'],Unknown,"[{'name': 'Wesley Pabis', 'title': 'Founder'}]"
https://app.dealroom.co/companies/timechimp,TimeChimp,['legal'],Unknown,"[{'name': 'Wouter Baltus', 'title': 'Co-Founder'}, {'name': 'Hidde Ottens', 'title': 'Co-Founder'}, {'name': 'Fred Al', 'title': 'Co-Founder'}]"
https://app.dealroom.co/companies/project_cece,Project Cece,['fashion'],['$143k'],"[{'name': 'Marcella Wijngaarden', 'title': 'Co-Founder& Chief Technical Officer - IT & Social Media Manager'}, {'name': 'Melissa Wijngaarden', 'title': 'Co-Founder& Chief Technical Officer - IT & Social Media Manager'}, {'name': 'Noor Veenhoven', 'title': 'Unknown'}]"
https://app.dealroom.co/companies/kepler_vision_technologies,Kepler Vision Technologies,['health'],['$2.4m'],"[{'name': 'Marc Van Oldenborgh', 'title': 'Founder'}, {'name': 'Floris Nat', 'title': 'Founder'}, {'name': 'Harro Stokman', 'title': 'Unknown'}]"
https://app.dealroom.co/companies/flavourspace,Flavourspace,"['food', 'enterprise software']",Unknown,"[{'name': 'Laura Pinilla', 'title': 'CEO& Founder'}, {'name': 'Isaac Esteban', 'title': 'CEO& Founder'}, {'name': 'Ceyhun Burak Akgül', 'title': 'Unknown'}, {'name': 'Vladimir Nedović', 'title': 'Co-Founder'}]"
https://app.dealroom.co/companies/alphadoc,Alphadoc,['enterprise software'],Unknown,"[{'name': 'Job Rietbergen', 'title': 'Co-Founder'}, {'name': 'Hans van Leeuwen', 'title': 'Co-Founder'}, {'name': 'Daan Stolk', 'title': 'Former'}, {'name': 'Gabriele D.', 'title': 'CTO'}, {'name': 'Christian Dahlen', 'title': 'CTO'}]"
https://app.dealroom.co/companies/code_grade,CodeGrade,['education'],Unknown,"[{'name': 'Youri Voet', 'title': 'CEO& Co-Founder'}, {'name': 'Olmo Kramer', 'title': 'CEO& Co-Founder'}, {'name': 'Devin Hillenius', 'title': 'Former Web Developer'}, {'name': 'Thomas Schaper', 'title': 'Co-Founder& Development'}]"
https://app.dealroom.co/companies/silatha,Silatha,['wellness beauty'],Unknown,"[{'name': 'Veroniek Vermeulen', 'title': 'Founder'}, {'name': 'Björn Bakker', 'title': 'Founder'}]"
https://app.dealroom.co/companies/fashionpotluck,Fashion Potluck,"['media', 'marketing']",Unknown,"[{'name': 'Julia Mitereva', 'title': 'Co-Founder& CMO'}]"
https://app.dealroom.co/companies/smyle_1_1,SMYLE,"['health', 'wellness beauty']",['$1.5m'],"[{'name': 'Dennis Kamst', 'title': 'Founder'}, {'name': 'Almar Fernhout', 'title': 'Founder'}, {'name': 'Roger Nefkens', 'title': 'CEO& Founder'}, {'name': 'Dennis Kamst', 'title': 'Founder'}, {'name': 'Dean Niesten', 'title': 'Founder'}, {'name': 'Hans Nicolaas J. Matthijsse', 'title': 'Founder'}]"
https://app.dealroom.co/companies/grasple,Grasple,"['education', 'enterprise software']",Unknown,"[{'name': 'Pim Bellinga', 'title': 'Co-Founder'}, {'name': 'Thijs Gillebaart', 'title': 'Co-Founder'}, {'name': 'Pim Bellinga', 'title': 'Unknown'}, {'name': 'Pim Stuurman', 'title': 'Co-Founder'}]"
https://app.dealroom.co/companies/jasperalblas,Jasperalblas,"['health', 'sports']",Unknown,"[{'name': 'Jasper Alblas', 'title': 'Founder'}, {'name': 'Dave Clark', 'title': 'Founder'}, {'name': 'Jasper Alblas', 'title': 'Former Consultant'}]"
https://app.dealroom.co/companies/sonicbee,SonicBee,"['security', 'enterprise software']",Unknown,"[{'name': 'Anne van Naerssen', 'title': 'Co-Founder& CCO'}, {'name': 'Patrick Van Der Valk', 'title': 'Co-Founder& CCO'}]"
https://app.dealroom.co/companies/leeruniek,Leeruniek,"['education', 'enterprise software']",Unknown,"[{'name': 'Valentin Zberea', 'title': 'Former CTO& Co-Founder'}, {'name': 'Ivan Gunchenko', 'title': 'Former CTO& Co-Founder'}, {'name': 'Jelte de Jongh', 'title': 'Unknown'}]"
https://app.dealroom.co/companies/objective_partners,Objective Partners,"['media', 'marketing']",['$2.2m'],"[{'name': 'Willem Van Der Weide', 'title': 'Founder'}, {'name': 'Rudy De Back', 'title': 'Founder'}]"
https://app.dealroom.co/companies/mx3d,MX3D,"['robotics', 'enterprise software']",['$2.5m'],"[{'name': 'Nikki Hes', 'title': 'Founder'}, {'name': 'Simon Rudolph', 'title': 'Founder'}, {'name': 'Niek Sanders', 'title': 'Former'}, {'name': 'Tim Geurtjens', 'title': 'Co-Founder'}, {'name': 'René Backx', 'title': 'Co-Founder'}, {'name': 'Jelle Van Kleef', 'title': 'Former'}, {'name': 'Zakaria Alami', 'title': 'Co-Founder'}, {'name': 'Gijs van der Velden', 'title': 'Co-Founder'}]"
https://app.dealroom.co/companies/wasted_lab,The Wasted App,['energy'],Unknown,"[{'name': 'Nic Gorini', 'title': 'Co-Founder'}, {'name': 'Estelle Roux-Stevens', 'title': 'Co-Founder'}, {'name': 'Elisha Weeber', 'title': 'Founder'}, {'name': 'Meredith Mogensen', 'title': 'CEO& Co-Founder'}, {'name': 'Elisha Weeber', 'title': 'CEO& Co-Founder'}]"
https://app.dealroom.co/companies/magic_sandbox,Magic Sandbox,['education'],Unknown,"[{'name': 'Jord van den Hooff', 'title': 'Director'}, {'name': 'Mislav Stipetic', 'title': 'Director'}, {'name': 'Ekta Tripathi', 'title': 'Former CEO& Co-Founder'}]"
https://app.dealroom.co/companies/owlin,Owlin,"['fintech', 'enterprise software']",['$3.7m'],"[{'name': 'Carmine Paolino', 'title': 'CTO& Founder'}, {'name': 'Melissa Wijngaarden', 'title': 'CTO& Founder'}, {'name': 'Derk Erbé', 'title': 'Former'}, {'name': 'Sjoerd Leemhuis', 'title': 'Co-Founder'}, {'name': 'Bas van Ooyen', 'title': 'Co-Founder'}, {'name': 'Sjoerd Leemhuis', 'title': 'Research Fellow'}, {'name': 'Bob Koster', 'title': 'Co-Founder'}, {'name': 'Don Montanaro', 'title': 'Co-Founder'}, {'name': 'Victor de Leeuw', 'title': 'Mentor'}, {'name': 'Don Montanaro', 'title': 'Managing Director& Co-Founder'}, {'name': 'Lyuba Polyanskaya', 'title': 'Managing Director& Co-Founder'}, {'name': 'Willem Westra,PhD', 'title': 'Unknown'}, {'name': 'Don Ritzen', 'title': 'Co-Founder'}, {'name': 'Willem Westra', 'title': 'Co-Founder'}, {'name': 'Richard Kraayenhagen', 'title': 'Former Managing Director& Co-Founder'}, {'name': 'Richard Kraaijenhagen', 'title': 'Former Managing Director& Co-Founder'}]"
https://app.dealroom.co/companies/niluk,niluk.app,"['health', 'media']",Unknown,"[{'name': 'Elena Kostler', 'title': 'Founder'}, {'name': 'Elena Köstler', 'title': 'Founder'}, {'name': 'Elena Köstler', 'title': 'Unknown'}, {'name': 'Elena Köstler', 'title': 'Unknown'}]"
https://app.dealroom.co/companies/vanido,Vanido,['music'],['$120k'],"[{'name': 'Varsha Ashok', 'title': 'Co-Founder& Product Designer'}, {'name': 'Himanshu Singh', 'title': 'Co-Founder& Product Designer'}]"
https://app.dealroom.co/companies/watt_now,Watt-Now,"['energy', 'enterprise software', 'music']",Unknown,"[{'name': 'Sjoerd Schouten', 'title': 'Co-Founder'}]"
https://app.dealroom.co/companies/gaiku,GAIKU,['enterprise software'],['$1.1m'],"[{'name': 'Jasper Meerding', 'title': 'Founder'}, {'name': 'Arjen Halma', 'title': 'Founder'}, {'name': 'Arvind Yadav', 'title': 'Unknown'}, {'name': 'Cindy Yee', 'title': 'Former CTO& Co-Founder'}, {'name': 'Jorick Serto', 'title': 'Former CTO& Co-Founder'}]"
https://app.dealroom.co/companies/helios_staking,Helios Staking,['fintech'],Unknown,"[{'name': 'Kevin Lydon', 'title': 'Managing Director& Founder'}, {'name': 'Michael Mckeon', 'title': 'Managing Director& Founder'}]"
https://app.dealroom.co/companies/ammp_technologies,AMMP Technologies,['energy'],['$1.3m'],"[{'name': 'Sebastian Fallert', 'title': 'CEO& Co-Founder'}, {'name': 'Stine Bundgaard Carlé', 'title': 'CEO& Co-Founder'}, {'name': 'Svet Bajlekov', 'title': 'Investor'}, {'name': 'Hendrik Broering', 'title': 'Co-Founder& COO'}, {'name': 'Michel Hendriks', 'title': 'Co-Founder& COO'}, {'name': 'Arshdeep C.', 'title': 'Business Development Manager'}, {'name': 'Seth Dehart', 'title': 'CEO& Co-Founder'}]"
https://app.dealroom.co/companies/skialabs,SkiaLabs,['transportation'],Unknown,"[{'name': 'Yous Halder van', 'title': 'Co-Founder'}, {'name': 'Anastasia Borovykh', 'title': 'Co-Founder'}]"
https://app.dealroom.co/companies/bikefair,BikeFair,"['home living', 'transportation']",['$451k'],"[{'name': 'Jan Pecník', 'title': 'CEO& Founder'}, {'name': 'Dominik Nguyen', 'title': 'CEO& Founder'}, {'name': 'Jan Pecník', 'title': 'Former'}, {'name': 'Vincent L. Hink', 'title': 'Co-Founder'}]"
https://app.dealroom.co/companies/hypherdata,Hypherdata,"['legal', 'enterprise software']",['$821k'],"[{'name': 'Sjoerd Geurts', 'title': 'Founder'}, {'name': 'Mehrzad Karami', 'title': 'Founder'}, {'name': 'Mehrzad Karami', 'title': 'Founder'}, {'name': 'Jana Miniarikova', 'title': 'CTO& Founder'}, {'name': 'Jana Miniarikova', 'title': 'CTO& Founder'}, {'name': 'Jana Miniarikova', 'title': 'Unknown'}]"
https://app.dealroom.co/companies/local_heroes_online,Local Heroes,['food'],['$3.3m'],"[{'name': 'Ruben Beijer', 'title': 'Co-Founder'}, {'name': 'Maarten Coumans', 'title': 'Co-Founder'}, {'name': 'Jascha Hoogendijk', 'title': 'Founder'}, {'name': 'Maarten Coumans', 'title': 'Founder'}, {'name': 'Maarten Coumans', 'title': 'Founder'}, {'name': 'Maarten Coumans', 'title': 'Unknown'}]"
https://app.dealroom.co/companies/hely,Hely,['transportation'],Unknown,"[{'name': 'Robin Eggenkamp', 'title': 'Co-Founder& ScrumMaster'}, {'name': 'Maurits Koning', 'title': 'Co-Founder& ScrumMaster'}, {'name': 'Jan Paul van Heemskerck van Beest', 'title': 'Advisor'}]"
https://app.dealroom.co/companies/tiqets,Tiqets,"['travel', 'event tech', 'travel']",['$105m'],"[{'name': 'Kasper Middelkoop', 'title': 'CEO& Founder'}, {'name': 'Bart Engeland', 'title': 'CEO& Founder'}, {'name': 'Sietse van der Laan', 'title': 'CPO& Founder'}, {'name': 'Hector Stenger', 'title': 'Co-Founder'}, {'name': 'Luca Cosivi', 'title': 'Co-Founder'}, {'name': 'Esmee Wagter', 'title': 'Partner'}, {'name': 'Anna David', 'title': 'Founder'}, {'name': 'Christiaan Solcer', 'title': 'Founder'}, {'name': 'Sitesh Shrivastava', 'title': 'Former Co-Founder'}, {'name': 'Laurens Leurink', 'title': 'Co-Founder'}, {'name': 'Hans Janssen', 'title': 'Co-Founder'}, {'name': 'Yannis Abelas', 'title': 'Software Engineer'}, {'name': 'Joost Bijlsma', 'title': 'Unknown'}, {'name': 'Robert Westers', 'title': 'Unknown'}, {'name': 'Maarten Raaijmakers', 'title': 'Former Co-Founder'}, {'name': 'Luuc Elzinga', 'title': 'Founder'}, {'name': 'Utku Turna', 'title': 'Founder'}, {'name': 'Santiago Hirschfeld', 'title': 'Former'}, {'name': 'Patrick Nijssen', 'title': 'Founder'}, {'name': 'Damian Kozak', 'title': 'Founder'}, {'name': 'Daniel Scheijen', 'title': 'Former'}, {'name': 'Ronald Kemmeren', 'title': 'CMO'}, {'name': 'Victor', 'title': 'CMO'}, {'name': 'Bas Willemse', 'title': 'Former Co-Founder'}, {'name': 'Marijn Speelman', 'title': 'Co-Founder'}]"
https://app.dealroom.co/companies/parentally,Parentally,"['health', 'wellness beauty']",Unknown,"[{'name': 'Karoll Ramamonjisoa', 'title': 'Unknown'}]"
https://app.dealroom.co/companies/relay42,Relay42,"['marketing', 'enterprise software']",['$5.5m'],"[{'name': 'Koen Bos', 'title': 'CTO& Co-Founder'}, {'name': 'Koen Koppens', 'title': 'CTO& Co-Founder'}, {'name': 'Tomas Salfischberger', 'title': 'Co-Founder'}, {'name': 'Arthur Vlug', 'title': 'Co-Founder& Member of Advisory Board Relay42'}, {'name': 'Erik Broekhuis', 'title': 'Co-Founder& Member of Advisory Board Relay42'}, {'name': 'Maurice Pothof', 'title': 'Founder'}, {'name': 'Andreea Marin', 'title': 'Chief Strategy Officer& Founder'}, {'name': 'Jorg Van Der Heijden', 'title': 'Chief Strategy Officer& Founder'}, {'name': 'Marc Duijndam', 'title': 'Board Member'}, {'name': 'Florent Coudyser', 'title': 'Co-Founder& Senior Software Engineer'}, {'name': 'Matilda Kristoffersson', 'title': 'Co-Founder& Senior Software Engineer'}, {'name': 'Simon Bloom', 'title': 'Former Software Engineer'}, {'name': 'Yoteng Pat', 'title': 'Co-Founder& Advisory Board member'}, {'name': 'Rene Bulthuis', 'title': 'Co-Founder& Advisory Board member'}, {'name': 'Anoma van Eeden', 'title': 'Investor'}, {'name': 'Kalina Dancheva', 'title': 'Co-Founder& Supervisory Board Member'}, {'name': 'Niels van Aalten', 'title': 'Co-Founder& Supervisory Board Member'}, {'name': 'Marius Rugan', 'title': 'Angel investor'}]"
https://app.dealroom.co/companies/intrical_ai,Intrical AI,['enterprise software'],Unknown,"[{'name': 'Gabriele Bani', 'title': 'CTO& Co-Founder'}, {'name': 'Alvise Sembenico', 'title': 'CTO& Co-Founder'}, {'name': 'Irina Kulizhnikova', 'title': 'Unknown'}]"
https://app.dealroom.co/companies/qusoft,QuSoft,['enterprise software'],Unknown,"[{'name': 'PROF. DR. KARELJAN SCHOUTENS', 'title': 'Unknown'}, {'name': 'Harry Buhrman', 'title': 'Unknown'}]"
https://app.dealroom.co/companies/foodimus_b_v_,Foodimus B.V.,['food'],Unknown,"[{'name': 'Jeroen Vroemen', 'title': 'Unknown'}, {'name': 'Jeroen Vroemen', 'title': 'Unknown'}, {'name': 'Tim Vermeulen', 'title': 'Former Director'}]"
https://app.dealroom.co/companies/zivver,ZIVVER,"['security', 'enterprise software']",['$26.1m'],"[{'name': 'Jasper Driessens', 'title': 'Founder'}, {'name': 'Leonie Kennepohl', 'title': 'Founder'}, {'name': 'Pearl Roman', 'title': 'Former Founder'}, {'name': 'Daniel Piedra Quintero', 'title': 'Co-Founder'}, {'name': 'Irina Caraivan', 'title': 'Co-Founder'}, {'name': 'Thomas Depuydt', 'title': 'Intern'}, {'name': 'Alwin Schoemaker', 'title': 'Founder'}, {'name': 'Vincent van Donselaar', 'title': 'Founder'}, {'name': 'Alwin Schoemaker', 'title': 'Unknown'}, {'name': 'Wouter Klinkhamer', 'title': 'Front End Developer& Senior'}, {'name': 'Rick Goud', 'title': 'Front End Developer& Senior'}, {'name': 'Jan Andriessen', 'title': 'Former Front End Developer& Senior'}, {'name': 'Jeroen Diederix', 'title': 'Co-Founder'}, {'name': 'Evgenia Plotnikova', 'title': 'Co-Founder'}, {'name': 'Thijs Rohof', 'title': 'Unknown'}, {'name': 'Norman Fiore', 'title': 'Board Observer'}, {'name': 'Lyle Kay', 'title': 'Board Observer'}, {'name': 'Jeroen Veenenbos', 'title': 'Board Member'}, {'name': 'Eli van Goudoever', 'title': 'Co-Founder'}]"
https://app.dealroom.co/companies/kinder,Kinder,"['fintech', 'media']",['$2.2m'],"[{'name': 'Amit Upreti', 'title': 'Co-Founder'}, {'name': 'Spencer Hillman', 'title': 'Co-Founder'}, {'name': 'Victor Sint Nicolaas', 'title': 'Former'}, {'name': 'Matthijs Otterloo', 'title': 'Co-Founder& COO'}, {'name': 'Pierre Bonvalot', 'title': 'Co-Founder& COO'}, {'name': 'Mathys van Abbe', 'title': 'Former'}, {'name': 'Laura Koenders', 'title': 'Co-Founder'}]"
https://app.dealroom.co/companies/syntho,Syntho,['enterprise software'],['$1.1m'],"[{'name': 'Simon Brouwer', 'title': 'CTO& Founder'}, {'name': 'Marijn Vonk', 'title': 'CTO& Founder'}, {'name': 'Wim Kees Janssen', 'title': 'Former Data Scientist'}, {'name': 'Marijn Vonk', 'title': 'Co-Founder'}, {'name': 'Simon Brouwer', 'title': 'Co-Founder'}, {'name': 'Wim Kees', 'title': 'Unknown'}]"
https://app.dealroom.co/companies/founda,Founda,"['health', 'security']",['$15.0m'],"[{'name': 'Bram Vreugdenhil', 'title': 'Director& Founder'}, {'name': 'Wilco Schuttelaar', 'title': 'Director& Founder'}, {'name': 'Jeroen Netten', 'title': 'CEO& Co-Founder'}, {'name': 'Jan Joost Kalff', 'title': 'Business Development& Founder'}, {'name': 'Job Rietbergen', 'title': 'Business Development& Founder'}, {'name': 'Wilco Schuttelaar', 'title': 'Former CEO& Founder'}, {'name': 'Jelle-Jan Bruinsma', 'title': 'Product& Founder'}, {'name': 'Gabriele D.', 'title': 'Product& Founder'}, {'name': 'Jelle-Jan Bruinsma', 'title': 'Former Director& Founder'}, {'name': 'Thomas van Til', 'title': 'CEO& Founder'}, {'name': 'Andries Hamster', 'title': 'CEO& Founder'}]"
https://app.dealroom.co/companies/quin_health,Quin,['health'],['$27.5m'],"[{'name': 'Dennis de Breij', 'title': 'Advisor'}, {'name': 'Bastiaan van de Rakt', 'title': 'Advisor'}, {'name': 'Alexander Van Someren', 'title': 'Board Member'}, {'name': 'Bastiaan Van De Rakt', 'title': 'Co-Founder'}, {'name': 'Bart Malenstein', 'title': 'Co-Founder'}, {'name': 'Hamet Gholizadeh', 'title': 'Co-Founder& Business Coach'}, {'name': 'Eline Antonissen', 'title': 'Co-Founder'}, {'name': 'Vincent van Donselaar', 'title': 'Co-Founder'}, {'name': 'Marc Prette', 'title': 'Former Co-Founder'}, {'name': 'Hamed Valigholizadeh', 'title': 'Co-Founder'}, {'name': 'Dayenne', 'title': 'Co-Founder'}, {'name': 'Marc Dotinga', 'title': 'CTO& Co-Founder'}, {'name': 'Wouter Staatsen', 'title': 'CEO& Founder'}, {'name': 'Olivier Molenkamp', 'title': 'CEO& Founder'}, {'name': 'Jan Paul Jacobs', 'title': 'CEO& Owner'}, {'name': 'Omar el Khamlichi', 'title': 'Co-Founder'}]"
https://app.dealroom.co/companies/skilllab,SkillLab,"['education', 'jobs recruitment']",['$1.7m'],"[{'name': 'David (Kemal) Yenicelik', 'title': 'Co-Founder'}, {'name': 'Christoph Bretgeld', 'title': 'Co-Founder'}, {'name': 'Ulrich Scharf', 'title': 'Co-Founder& Advisor'}, {'name': 'Karim Bin-Humam', 'title': 'Director& Founder'}, {'name': 'Ulrich Scharf', 'title': 'Director& Founder'}, {'name': 'Karim Bin-Humam', 'title': 'Director& Founder'}, {'name': 'Ragnar Martens.', 'title': 'Director& Founder'}, {'name': 'Christoph Bretgeld', 'title': 'Former Director'}, {'name': 'Rolf Bixner', 'title': 'Director& Founder'}]"
https://app.dealroom.co/companies/lessonleap,LessonLeap,"['education', 'kids']",Unknown,"[{'name': 'Anusha Mahalingam', 'title': 'Co-Founder& COO'}, {'name': 'Deepti Sahi', 'title': 'Co-Founder& COO'}, {'name': 'Deepti Sahi', 'title': 'Engagement Manager'}]"
https://app.dealroom.co/companies/videodock,Videodock,['media'],Unknown,"[{'name': 'Bauke Freiburg', 'title': 'CTO& Founder'}, {'name': 'Bastiaan Niamut', 'title': 'CTO& Founder'}, {'name': 'Willem Daems', 'title': 'Managing Director& Owner'}, {'name': 'Ron van der Sterren', 'title': 'Technical Director& Founder'}, {'name': 'Nick van Ginkel', 'title': 'Technical Director& Founder'}]"
https://app.dealroom.co/companies/qusus,Qusus,"['sports', 'dating']",Unknown,"[{'name': 'Johan G', 'title': 'Unknown'}, {'name': 'Jon Whelan', 'title': 'Unknown'}, {'name': 'Jessica Rountree', 'title': 'Former'}, {'name': 'Job Rietbergen', 'title': 'Unknown'}]"
https://app.dealroom.co/companies/biekos,Biekos,['health'],Unknown,"[{'name': 'Jeremie ROBERRINI NEVEU', 'title': 'Unknown'}]"
https://app.dealroom.co/companies/agriplace,AgriPlace,['food'],['$138k'],"[{'name': 'Gustavo B. Sisti', 'title': 'CEO'}, {'name': 'Nico Broersen', 'title': 'CEO'}]"
https://app.dealroom.co/companies/farmless,Farmless,['food'],['$1.3m'],"[{'name': 'Martin Weber', 'title': 'Founder'}, {'name': 'Lauren Lentz', 'title': 'Founder'}]"
https://app.dealroom.co/companies/pepper,Pepper,"['dating', 'dating']",['$871k'],"[{'name': 'Mihai Hogea', 'title': 'Co-Founder& CDO'}, {'name': 'David Hamilton', 'title': 'Co-Founder& CDO'}, {'name': 'Jaclyn Fu', 'title': 'Former CDO& Founder'}, {'name': 'John Meuffels', 'title': 'Co-Founder - CEO/CTO'}, {'name': 'Oliver White', 'title': 'Co-Founder - CEO/CTO'}, {'name': 'Joe Pratt', 'title': 'CEO'}]"
https://app.dealroom.co/companies/figlinq_bv,FiglinQ BV,['enterprise software'],Unknown,"[{'name': 'Przemek Krawczyk', 'title': 'Founder'}]"
https://app.dealroom.co/companies/checklist_com,Checklist.com,['enterprise software'],Unknown,"[{'name': 'Assaf Nehoray', 'title': 'Unknown'}]"
https://app.dealroom.co/companies/truqu,TruQu,['media'],['$110k'],"[{'name': 'Eelco Veltenaar', 'title': 'Co-Founder'}, {'name': 'Bart Kollau', 'title': 'Co-Founder'}]"
https://app.dealroom.co/companies/wiyo,WIYO,"['travel', 'travel']",Unknown,"[{'name': 'Olga Pantchenko', 'title': 'Co-Founder'}]"
https://app.dealroom.co/companies/participatie_panel,Panel,['jobs recruitment'],Unknown,"[{'name': 'Floris De Langen', 'title': 'Co-Founder'}, {'name': 'Roel Van De Wal', 'title': 'Co-Founder'}]"
https://app.dealroom.co/companies/cirqle,The Cirqle,"['media', 'marketing']",['$1.1m'],"[{'name': 'Edward Poot', 'title': 'CTO& Co-Founder'}, {'name': 'Damien Poelhekke', 'title': 'CTO& Co-Founder'}, {'name': 'Tamara Obradov', 'title': 'Former Co-Founder'}, {'name': 'Alexander Raginsky', 'title': 'CEO& Co-Founder'}, {'name': 'Daan Nederlof', 'title': 'CEO& Co-Founder'}, {'name': 'Niek Volkert', 'title': 'Advisor'}, {'name': 'Steven Lammertink', 'title': 'Partner'}, {'name': 'Ashkan Roshanayi', 'title': 'Partner'}, {'name': 'Steven Lammertink', 'title': 'Board Member'}, {'name': 'Niek Volkert', 'title': 'Co-Founder'}, {'name': 'Jente Insing', 'title': 'Co-Founder'}, {'name': 'Alex Bystrov', 'title': 'Unknown'}]"
https://app.dealroom.co/companies/the_avocado_show,The Avocado Show,['food'],['$5.5m'],"[{'name': 'julien Zaal', 'title': 'Owner'}]"
https://app.dealroom.co/companies/wiewathaar,WIEWATHAAR,['wellness beauty'],Unknown,"[{'name': 'Marit Heemskerk', 'title': 'Partner'}]"
https://app.dealroom.co/companies/pricewise,Pricewise,['fintech'],Unknown,"[{'name': 'Mark Hekkelman', 'title': 'CEO& Co-Founder'}, {'name': 'Pauline Brakel', 'title': 'CEO& Co-Founder'}, {'name': 'Hans D', 'title': 'Managing Director'}, {'name': 'Lobke Zuidema', 'title': 'Co-Founder& Chief Product Officer'}, {'name': 'Patrick hennuin', 'title': 'Co-Founder& Chief Product Officer'}, {'name': 'Niels Brolman', 'title': 'Former'}, {'name': 'Renée van der Heijden', 'title': 'CEO& Founder'}]"
https://app.dealroom.co/companies/thereshegoes,ThereSheGoes,['wellness beauty'],Unknown,"[{'name': 'Claire Passy', 'title': 'CEO& Co-Founder'}, {'name': 'Claire Passy', 'title': 'CEO& Co-Founder'}]"
https://app.dealroom.co/companies/crazy_about_eggs,Crazy about Eggs,['food'],Unknown,"[{'name': 'Guido van der Mark', 'title': 'Co-Founder'}, {'name': 'Jeroen Janssen', 'title': 'Co-Founder'}]"
https://app.dealroom.co/companies/helloella,HelloElla,"['travel', 'enterprise software']",['$55.0k'],"[{'name': 'Valborg Korthals Altes', 'title': 'CEO& Co-Founder'}]"
https://app.dealroom.co/companies/code_orange,Code Orange,['marketing'],Unknown,"[{'name': 'Dennis Brand', 'title': 'Co-Founder'}, {'name': 'Ruben Gaalen', 'title': 'Co-Founder'}, {'name': 'Jelle Oskam', 'title': 'Former Senior Software Engineer'}, {'name': 'Jelle Oskam', 'title': 'Co-Founder'}, {'name': 'David Schogt', 'title': 'Co-Founder'}, {'name': 'David Schogt', 'title': 'Business analyst'}, {'name': 'Dennis van den Brand', 'title': 'Founder'}, {'name': 'Tim van Dalen', 'title': 'Founder'}]"
https://app.dealroom.co/companies/hireport,HirePort,"['jobs recruitment', 'enterprise software']",['$1.6m'],"[{'name': 'Alexander Leenaers', 'title': 'Founder'}, {'name': 'Remco Van De Ruit', 'title': 'Founder'}, {'name': 'Bram Medema', 'title': 'Former'}, {'name': 'Remco Ruit', 'title': 'Co-Founder'}, {'name': 'Chris Zadeh', 'title': 'Co-Founder'}, {'name': 'Bob Koster', 'title': 'Co-Founder'}, {'name': 'Bram Medema', 'title': 'Co-Founder'}]"
https://app.dealroom.co/companies/mycophilia,Mycophilia,['food'],Unknown,"[{'name': 'Wouter Hassing', 'title': 'Founder'}, {'name': 'Marijke Bults', 'title': 'Founder'}, {'name': 'Marijke Bults', 'title': 'Founder'}]"
https://app.dealroom.co/companies/hotelking,HotelKing,['travel'],Unknown,"[{'name': 'Patrique van der Valk', 'title': 'Founder'}]"
https://app.dealroom.co/companies/adgoji,Adgoji,"['media', 'marketing']",Unknown,"[{'name': 'Willem-Jan S.', 'title': 'Co-Founder'}, {'name': 'Willem-Jan S.', 'title': 'Co-Founder'}, {'name': 'Willem Schutte', 'title': 'Investor& Founder'}, {'name': 'Alexander Elsas', 'title': 'Founder'}, {'name': 'Ward de Kruijff', 'title': 'Founder'}, {'name': 'Jeroen van Dijk', 'title': 'Co-Founder& Investor'}, {'name': 'Alexander van Elsas', 'title': 'Founder'}]"
https://app.dealroom.co/companies/portrait_1,Portrait,['fintech'],Unknown,[]
https://app.dealroom.co/companies/memri,Memri,['security'],Unknown,"[{'name': 'Ruben Daniels', 'title': 'Founder'}]"
https://app.dealroom.co/companies/incision,Incision,"['health', 'education']",['$12.5m'],[]
https://app.dealroom.co/companies/project_fearless,Project Fearless,['education'],Unknown,"[{'name': 'Mérida Miller', 'title': 'Unknown'}]"
https://app.dealroom.co/companies/bundles,Bundles,['home living'],['$1.2m'],"[{'name': 'Wouter Buijze', 'title': 'Former Co-Founder'}, {'name': 'Emily Koedam', 'title': 'Former Co-Founder'}, {'name': 'Marcel Peters', 'title': 'Unknown'}]"
https://app.dealroom.co/companies/motek_medical,Motek Medical,['health'],['$451k'],"[{'name': 'Arno Stienen', 'title': 'Director'}, {'name': 'Rob de Vroet', 'title': 'Director'}]"
https://app.dealroom.co/companies/tella_tv,Tella TV,"['media', 'enterprise software']",['$165k'],"[{'name': 'Michiel Westerbeek', 'title': 'Co-Founder'}, {'name': 'Grant S.', 'title': 'Co-Founder'}]"
https://app.dealroom.co/companies/makers_unite,Makers Unite,['fashion'],Unknown,"[{'name': 'Ieth Inolino', 'title': 'Co-Founder'}, {'name': 'Thami Schweichler', 'title': 'Co-Founder'}, {'name': 'Hester Ezra', 'title': 'Unknown'}]"
https://app.dealroom.co/companies/efaqt,eFaqt,['education'],['$2.2m'],"[{'name': 'Luc Kock', 'title': 'Founder'}, {'name': 'Jochem Veer', 'title': 'Founder'}, {'name': 'Christiaan Henny', 'title': 'Former'}, {'name': 'Luan Naufal', 'title': 'CEO& Co-Founder'}, {'name': 'Timon Rutten', 'title': 'CEO& Co-Founder'}, {'name': 'Thomas van Til', 'title': 'Former'}, {'name': 'Tames Rietdijk', 'title': 'Director& Founder'}, {'name': 'Christiaan Henny', 'title': 'Director& Founder'}, {'name': 'Alex Gekker', 'title': 'Former Founder'}]"
https://app.dealroom.co/companies/cloudtract,Cloudtract,['enterprise software'],['$550k'],"[{'name': 'Jeroen de Roos', 'title': 'System Development'}, {'name': 'Angelique Schouten', 'title': 'System Development'}, {'name': 'Michel Ko', 'title': 'CEO'}]"
https://app.dealroom.co/companies/sunchem,Sunchem,['energy'],['$1.3m'],"[{'name': 'Hayo de Feijter', 'title': 'Co-Founder'}, {'name': 'Sergio Tommasini', 'title': 'Co-Founder'}]"
https://app.dealroom.co/companies/squla,Squla,"['gaming', 'education']",['$530k'],[]
https://app.dealroom.co/companies/sally,Sally,['dating'],Unknown,"[{'name': 'Kishan Chamman', 'title': 'Founder'}, {'name': 'Wesley Botman', 'title': 'Founder'}]"
https://app.dealroom.co/companies/oaky,Oaky,"['travel', 'enterprise software']",['$11.7m'],"[{'name': 'Willem Guensberg', 'title': 'Founder'}, {'name': 'Viktor Lundqvist', 'title': 'Founder'}, {'name': 'Lars Jonker', 'title': 'Co-Founder'}, {'name': 'Tako Paddenburg', 'title': 'Managing Director& Co-Founder'}, {'name': 'Wouter Wisselink', 'title': 'Managing Director& Co-Founder'}, {'name': 'Erik Tengen', 'title': 'Private Investor'}, {'name': 'Rupert Gutteridge', 'title': 'Co-Founder& Marketing'}, {'name': 'Saahil Karkera', 'title': 'Co-Founder& Marketing'}]"
https://app.dealroom.co/companies/whatser,Whatser,['marketing'],['$1.6m'],"[{'name': 'Melinda Jacobs', 'title': 'Co-Founder'}, {'name': 'Michiel Verberg', 'title': 'Co-Founder'}, {'name': 'Matthijs van Henten', 'title': 'Entrepreneur'}]"
https://app.dealroom.co/companies/summitto,Summitto,"['security', 'fintech']",['$55.0k'],"[{'name': 'Victor Sint Nicolaas', 'title': 'Co-Founder'}, {'name': 'Sascha J', 'title': 'Co-Founder'}]"
https://app.dealroom.co/companies/yanomo,Yanomo,['marketing'],Unknown,"[{'name': 'Ralph De Geus', 'title': 'Founder'}, {'name': 'Juul Manders', 'title': 'Founder'}, {'name': 'Joost Schouten', 'title': 'Founder'}, {'name': 'Jacob van Duijn', 'title': 'Founder'}, {'name': 'Juul Manders', 'title': 'Founder'}, {'name': 'Ralph de Geus', 'title': 'CEO& Founder'}]"
https://app.dealroom.co/companies/we_say_hej,We say HEJ,"['wellness beauty', 'education']",Unknown,"[{'name': 'Hanne Gerhards', 'title': 'Co-Founder'}, {'name': 'Jennifer Reinhard', 'title': 'Co-Founder'}]"
https://app.dealroom.co/companies/mat_biotech,Mat Biotech,['health'],Unknown,"[{'name': 'Shabnam Solati', 'title': 'CEO& Co-Founder'}]"
https://app.dealroom.co/companies/mokum_tech,Mokum Tech B.V.,"['dating', 'dating']",Unknown,"[{'name': 'Alon Ben Joseph', 'title': 'Co-Founder'}, {'name': 'Jonathan Salomon', 'title': 'Co-Founder'}]"
https://app.dealroom.co/companies/epic_growth_1,Epic growth,['enterprise software'],Unknown,"[{'name': 'Alex Pisarevsky', 'title': 'Founder'}, {'name': 'Olga Kovaliova', 'title': 'Founder'}]"
https://app.dealroom.co/companies/leasemore_nl,Leasemore.nl,"['fintech', 'transportation']",Unknown,"[{'name': 'Tim van der Vooren', 'title': 'CEO'}, {'name': 'Tim van der Vooren', 'title': 'CEO'}]"
https://app.dealroom.co/companies/ekster,Ekster,['fashion'],Unknown,"[{'name': 'Wouter Kloosterman', 'title': 'CEO& Founder'}, {'name': 'Richard Canneman', 'title': 'CEO& Founder'}, {'name': 'Rick Scharnigg', 'title': 'Former'}, {'name': 'Olivier Momma', 'title': 'Co-Founder'}, {'name': 'Olivier Momma', 'title': 'Co-Founder'}, {'name': 'Akvilė Želnytė', 'title': 'Partner'}, {'name': 'Rick Scharnigg', 'title': 'Founder'}]"
https://app.dealroom.co/companies/weq_1,WeQ,['enterprise software'],Unknown,"[{'name': 'Scott Kennedy', 'title': 'CEO'}, {'name': 'Ohyoon Kwon', 'title': 'CEO'}, {'name': 'Harikishore Sreenivasalu', 'title': 'Marketing'}]"
https://app.dealroom.co/companies/easy_software_deployment,Easy Software Deployment,['fintech'],Unknown,"[{'name': 'Luc Franken', 'title': 'Director'}, {'name': 'Dereck Breuning', 'title': 'Director'}]"
https://app.dealroom.co/companies/funxtion,Funxtion,['sports'],Unknown,"[{'name': 'Mendel Witzenhausen', 'title': 'Co-Founder'}, {'name': 'Ernst Neef', 'title': 'Co-Founder'}, {'name': 'Rik Beekers', 'title': 'Former Sales Manager'}, {'name': 'Danny Woods', 'title': 'CEO& Co-Founder'}]"
https://app.dealroom.co/companies/mobypicture,Mobypicture,['event tech'],Unknown,"[{'name': 'Rogier van Duyn', 'title': 'CEO& Founder'}, {'name': 'Timan Rebel', 'title': 'CEO& Founder'}, {'name': 'Ronald Treur', 'title': 'Former'}, {'name': 'Mathys van Abbe', 'title': 'Co-Founder'}, {'name': 'Werner Vogels', 'title': 'Co-Founder'}, {'name': 'Glenn Wolters', 'title': 'Investor'}, {'name': 'Daan van der', 'title': 'Co-Founder'}]"
https://app.dealroom.co/companies/livery_video,Livery Video,['enterprise software'],Unknown,"[{'name': 'Frank Oirschot', 'title': 'Co-Founder'}, {'name': 'Jeroen Elfferich', 'title': 'Co-Founder'}]"
https://app.dealroom.co/companies/griffin_discoveries_bv,Griffin Discoveries BV,['health'],['$187k'],"[{'name': 'Rogier Smits', 'title': 'Former Managing Director& Co-Founder'}]"
https://app.dealroom.co/companies/bazoeki,Bazoeki,['home living'],['$385k'],"[{'name': 'Suzanne Vliet', 'title': 'COO& Founder'}, {'name': 'Joris Kuijper', 'title': 'COO& Founder'}, {'name': 'Niels De Keizer', 'title': 'CEO& Founder'}, {'name': 'Suzanne van der Vliet', 'title': 'CEO& Founder'}, {'name': 'Suzanne van der Vliet', 'title': 'Former'}]"
https://app.dealroom.co/companies/lucius_digital,Lucius Digital,['media'],Unknown,"[{'name': 'Henk Cann', 'title': 'Founder'}, {'name': 'Joris Snoek', 'title': 'Founder'}]"
https://app.dealroom.co/companies/dedi_co_journeys_for_learning,Dedico,"['travel', 'education']",Unknown,"[{'name': 'Mariano Galán', 'title': 'Unknown'}, {'name': 'mariano galan', 'title': 'Unknown'}, {'name': 'Dirk Groten', 'title': 'Former Art Director'}]"
https://app.dealroom.co/companies/the_pure_goat_company,The Pure Goat Company,['food'],['$1.4m'],"[{'name': 'Frank D', 'title': 'CEO& Founder'}, {'name': 'Frank D.', 'title': 'CEO& Founder'}, {'name': 'Peter Huizing', 'title': 'Former Trainee'}]"
https://app.dealroom.co/companies/ortec_1,Ortec,['enterprise software'],Unknown,"[{'name': 'Michael Van Duijn', 'title': 'CEO'}]"
https://app.dealroom.co/companies/thalex,Thalex,['fintech'],['$8.3m'],"[{'name': 'Casper Hoope', 'title': 'Co-Founder'}]"
https://app.dealroom.co/companies/wizenoze,Wizenoze,['education'],['$8.7m'],"[{'name': 'Leila Khouja Walker', 'title': 'Founder'}, {'name': 'Theo Huibers', 'title': 'Founder'}, {'name': 'Diane Janknegt', 'title': 'Unknown'}, {'name': 'Giwan Persaud', 'title': 'Co-Founder'}, {'name': 'Fredrik P', 'title': 'Co-Founder'}, {'name': 'Eric Spaan', 'title': 'Professor'}, {'name': 'Letitia Mukherjee', 'title': 'Co-Founder'}, {'name': 'Vaughn Dickson', 'title': 'Co-Founder'}, {'name': 'Rob Stringer', 'title': 'Unknown'}, {'name': 'Hanna Jochmann-Mannak', 'title': 'Unknown'}, {'name': 'Thijs Westerveld', 'title': 'Unknown'}, {'name': 'Hanna Jochmann', 'title': 'Unknown'}, {'name': 'Theo Huibers', 'title': 'CTO'}]"
https://app.dealroom.co/companies/optics11_life,Optics11 Life,['health'],['$5.5m'],"[{'name': 'Davide Iannuzzi', 'title': 'Co-Founder& Advisor'}, {'name': 'Hans Brouwer', 'title': 'Co-Founder& Advisor'}, {'name': 'Kaveh Memarzadeh', 'title': 'Founder'}, {'name': 'Giorgio MATTEI', 'title': 'Former CEO& Founder'}, {'name': 'Grzegorz Gruca', 'title': 'Former CEO& Founder'}, {'name': 'Willem Van Den Berg', 'title': 'Former CEO& Founder'}, {'name': 'Niek Rijnveld', 'title': 'Founder'}, {'name': 'Jos Bourgonje', 'title': 'Founder'}]"
https://app.dealroom.co/companies/studyflow,Studyflow,['education'],Unknown,"[{'name': 'Edo van Royen', 'title': 'Co-Founder'}, {'name': 'Alex Iwaniuk', 'title': 'Co-Founder'}, {'name': 'Marre Kunst', 'title': 'Senior Software Engineer'}, {'name': 'Tom van Vooren', 'title': 'Senior Software Engineer'}, {'name': 'Jan Willem Gerritsen', 'title': 'Head of Content'}]"
https://app.dealroom.co/companies/bioscope_health,BioScope Health,"['health', 'education']",Unknown,"[{'name': 'Luke Liplijn', 'title': 'Founder'}]"
https://app.dealroom.co/companies/cryptorefills,Cryptorefills,['fintech'],Unknown,"[{'name': 'Patrick Bonham', 'title': 'Co-Founder'}, {'name': 'Mats Veenman', 'title': 'Co-Founder'}, {'name': 'Simonluca Landi', 'title': 'Product Manager'}, {'name': 'Massimiliano Silenzi', 'title': 'Director& Founder'}, {'name': 'Gerry Haag', 'title': 'Director& Founder'}, {'name': 'Francesca Cappannini', 'title': 'Unknown'}]"
https://app.dealroom.co/companies/seuss_,Seuss+,['health'],Unknown,[]
https://app.dealroom.co/companies/vood_formerly_plant_b_,Vood (Formerly Plant B),['food'],['$275k'],"[{'name': 'Maarten Gomes', 'title': 'Co-Founder'}, {'name': 'Myrthe Vlis', 'title': 'Co-Founder'}, {'name': 'Joost Esser', 'title': 'Co-Founder'}, {'name': 'Robert Mureau', 'title': 'Founder'}, {'name': 'Daniel Hanemann', 'title': 'Founder'}, {'name': 'Rene Manchester', 'title': 'Co-Founder'}, {'name': 'Maurits Koopman', 'title': 'Co-Founder'}, {'name': 'Boyan Nijpels', 'title': 'Co-Founder'}, {'name': 'Hein de Jong', 'title': 'Former Co-Founder'}]"
https://app.dealroom.co/companies/venopi,Venopi,['event tech'],Unknown,"[{'name': 'Ivana Setiawan', 'title': 'CEO'}]"
https://app.dealroom.co/companies/poki,Poki,['gaming'],Unknown,"[{'name': 'Sebastiaan Moeys', 'title': 'Co-Founder'}, {'name': 'Michiel van Amerongen', 'title': 'Co-Founder'}]"
https://app.dealroom.co/companies/crystal_blockchain,Crystal Blockchain,"['legal', 'fintech']",Unknown,"[{'name': 'Armin Ranjbar', 'title': 'Co-Founder'}, {'name': 'Marina Khaustova', 'title': 'Co-Founder'}, {'name': 'Kyrylo Chykhradze', 'title': 'Co-Founder'}]"
https://app.dealroom.co/companies/ozarka_b_v_,Ozarka,"['food', 'energy']",['$770k'],"[{'name': 'Michael Massa', 'title': 'Co-Founder'}, {'name': 'Beth Massa', 'title': 'Co-Founder'}]"
https://app.dealroom.co/companies/squall,Squall (GreenA),['food'],Unknown,"[{'name': 'Robert Bonn', 'title': 'Unknown'}]"
https://app.dealroom.co/companies/blue_feniks,Blue Feniks,"['jobs recruitment', 'enterprise software']",Unknown,"[{'name': 'Bibi Schmidt', 'title': 'Founder'}]"
https://app.dealroom.co/companies/bugaboo_international_b_v_,Bugaboo International B.V.,['kids'],Unknown,"[{'name': 'Maarten Sluyter', 'title': 'COO'}, {'name': 'Berend Rijnsdorp', 'title': 'COO'}, {'name': 'Onno Heumen', 'title': 'COO& Chief Operating Officer'}, {'name': 'Kibet Kipkemoi', 'title': 'COO'}, {'name': 'Fleur Schraven', 'title': 'COO'}, {'name': 'Eric Weenink', 'title': 'Former Mentor'}, {'name': 'Mitch Roedoe', 'title': 'Founder'}]"
https://app.dealroom.co/companies/vylo,Vylo,['media'],['$2.0m'],"[{'name': 'Tyler Reynolds', 'title': 'CEO& Co-Founder'}, {'name': 'Llewellyn Allen', 'title': 'CEO& Co-Founder'}]"
https://app.dealroom.co/companies/stormcis_design,StormCIS Design,"['media', 'marketing']",Unknown,"[{'name': 'Candice Storm', 'title': 'Founder'}]"
https://app.dealroom.co/companies/spectris_dot,Spectris-Dot,"['semiconductors', 'security']",Unknown,[]
https://app.dealroom.co/companies/social_shop,Social Shop (Member get member),['marketing'],Unknown,"[{'name': 'Adriaan Rossum', 'title': 'Founder'}, {'name': 'Viresh narain', 'title': 'Founder'}, {'name': 'Sander Dullaart', 'title': 'Unknown'}]"
https://app.dealroom.co/companies/innovation_in_motion,Innovation in Motion,"['home living', 'consumer electronics']",Unknown,[]
https://app.dealroom.co/companies/peckish_,Peckish,['food'],['$110k'],[]
https://app.dealroom.co/companies/quinky,Quinky,['wellness beauty'],['$110k'],[]
https://app.dealroom.co/companies/dakdokters,Dakdokters,"['real estate', 'energy']",Unknown,"[{'name': 'Friso Klapwijk', 'title': 'Director'}]"
https://app.dealroom.co/companies/schoolpoort,Schoolpoort,"['education', 'enterprise software']",[''],"[{'name': 'Jeroen Schutz', 'title': 'Director'}, {'name': 'Peter-Paul Laumans', 'title': 'Director'}, {'name': 'Erwin van Meeteren', 'title': 'Former'}]"
https://app.dealroom.co/companies/starred,Starred,"['media', 'enterprise software']",['$440k'],[]
https://app.dealroom.co/companies/songvice,Songvice,"['music', 'education', 'music']",Unknown,"[{'name': 'Tiago Martins', 'title': 'CTO& Co-Founder'}, {'name': 'Pedro Silva', 'title': 'CTO& Co-Founder'}, {'name': 'Luís Dias', 'title': 'CEO'}, {'name': 'Barney Graman', 'title': 'Co-founder & Content Director'}, {'name': 'Henrique Caiano', 'title': 'Co-founder & Content Director'}]"
https://app.dealroom.co/companies/g_g_biotechnology_1,G&G Biotechnology,['health'],Unknown,[]
