Company Name,Industries,Launch Year,Valuation,Funding,Employees,Ownership,Founders
SmartAvatar,['enterprise software'],2019,Unknown,Unknown,4,bootstrapped,"[{'name': 'Neeli Rashmi Prasad', 'title': 'CTO& Founder'}, {'name': 'Neeli Prasad', 'title': 'CTO& Founder'}]"
Reef Base,['enterprise software'],2019,Unknown,Unknown,1,bootstrapped,"[{'name': 'Arjen-Pieter Troost', 'title': 'Founder'}]"
Vamp Up,"['marketing', 'enterprise software']",2020,Unknown,Unknown,1,bootstrapped,"[{'name': 'Begad Adel', 'title': 'CEO& Co-Founder'}, {'name': 'Begad', 'title': 'CEO& Co-Founder'}]"
ApyHub,['enterprise software'],2022,Unknown,Unknown,14,bootstrapped,"[{'name': 'Nikolas Dimitroulakis', 'title': 'Co-Founder'}, {'name': 'Samuel Kaluvuri', 'title': 'Co-Founder'}, {'name': 'Sukhbir S. Jasuja', 'title': 'Unknown'}]"
Cycle Care,"['wellness beauty', 'media']",2019,Unknown,Unknown,5,bootstrapped,"[{'name': 'Jo-Ann Dietz', 'title': 'Co-Founder'}, {'name': 'Annemieke Jordans', 'title': 'Co-Founder'}]"
NoWatch,['fashion'],2020,$35—52m,['$8.7m'],33,angel,"[{'name': 'Timothée Manschot', 'title': 'Founder'}, {'name': 'Hylke Muntinga', 'title': 'Founder'}, {'name': 'Michiel Koning', 'title': 'Board Member'}, {'name': 'Chris van Voorden', 'title': 'CEO& Founder'}, {'name': 'Chris Van Voorden', 'title': 'CEO& Founder'}]"
RespiQ,"['health', 'food']",2019,$484—726k,['$4.5m'],6,venture capital,"[{'name': 'Vitalii Vorkov, PhD', 'title': 'CTO& Co-Founder'}, {'name': 'Mira Gleisberg', 'title': 'CTO& Co-Founder'}, {'name': 'Philip Siberg', 'title': 'Unknown'}]"
Sunrise AI,"['health', 'food']",2022,$11m,['$110k'],9,Unknown,"[{'name': 'Ryan Janecek', 'title': 'Co-Founder& COO'}, {'name': 'Ruben', 'title': 'Co-Founder& COO'}, {'name': 'Andrés O', 'title': 'CEO& Founder'}]"
Growth Tribe,"['education', 'marketing']",2015,$11—17m,['$11.6m'],103,venture capital,[]
SuperSeton,['health'],2016,Unknown,['$253k'],5,venture capital,"[{'name': 'Ernst Elhorst', 'title': 'CEO& Co-Founder'}, {'name': 'Willem Nerkens', 'title': 'CEO& Co-Founder'}]"
Gigstarter,"['music', 'music']",2012,Unknown,['$55.0k'],7,venture capital,"[{'name': 'Paul de Kuyper', 'title': 'CEO& Founder'}, {'name': 'Erik De Kuyper', 'title': 'CEO& Founder'}, {'name': 'Mark Teisman', 'title': 'CEO'}, {'name': 'Tom van der Velpen', 'title': 'Co-Founder& Business Development Manager'}, {'name': 'Mark Teisman', 'title': 'Co-Founder& Business Development Manager'}, {'name': 'Wouter Ruoff', 'title': 'Non Executive Director'}, {'name': 'Julio Pijnappel', 'title': 'CTO'}, {'name': 'Paul de Kuyper', 'title': 'CTO'}]"
MakaMatch,['jobs recruitment'],2015,Unknown,Unknown,2,Unknown,"[{'name': 'Michael Overzier', 'title': 'Co-Founder'}, {'name': 'Dylan Alling', 'title': 'Co-Founder'}, {'name': 'Perry Borst', 'title': 'Unknown'}, {'name': 'Jasper Kuipers', 'title': 'Unknown'}, {'name': 'Danielle Charles-Mackowski', 'title': 'Former Co-Founder& COO'}]"
Smart.pr,"['media', 'marketing']",2008,Unknown,Unknown,26,bootstrapped,"[{'name': 'Martijn van Hoek', 'title': 'Co-Founder'}, {'name': 'Tim Molendijk', 'title': 'Co-Founder'}, {'name': 'Stef Gallé', 'title': 'Partner'}]"
Uetke,['education'],2015,Unknown,Unknown,1,Unknown,"[{'name': 'Aquiles Carattino', 'title': 'Unknown'}]"
AMATUMAX,['fashion'],2019,Unknown,Unknown,1,Unknown,[]
Cårporate,['travel'],2017,Unknown,Unknown,25,bootstrapped,"[{'name': 'Sergei Denisuk', 'title': 'Co-Founder'}, {'name': 'Roman Sokolov', 'title': 'Co-Founder'}]"
Space&Matter,['real estate'],2009,Unknown,Unknown,30,bootstrapped,"[{'name': 'Sascha Glasl', 'title': 'Director& Co-Founder'}, {'name': 'Linda Hogeweg', 'title': 'Director& Co-Founder'}]"
Auctionista,['health'],2018,Unknown,Unknown,1,Unknown,[]
Securify,['security'],2013,Unknown,Unknown,42,bootstrapped,"[{'name': 'Gregory Miller', 'title': 'Board Member& CEO'}, {'name': 'Cengiz Sahin', 'title': 'Board Member& CEO'}, {'name': 'Buck French', 'title': 'Co-Founder & Chief Development Officer'}, {'name': 'David Vaartjes', 'title': 'CEO& Founder'}, {'name': 'David B. Mullin', 'title': 'CEO& Founder'}, {'name': 'David Vaartjes', 'title': 'Co-Founder& Owner'}]"
Meshed,"['real estate', 'telecom']",2017,Unknown,Unknown,2,bootstrapped,"[{'name': 'Vidar Daniels', 'title': 'Co-Founder'}, {'name': 'Vidar Daniels', 'title': 'Co-Founder'}, {'name': 'Stephanie Zuure', 'title': 'Unknown'}]"
Headjack,['media'],2013,Unknown,Unknown,2,Unknown,[]
Etopia,['media'],1996,Unknown,Unknown,4,bootstrapped,"[{'name': 'Hans Smits', 'title': 'Unknown'}]"
Taxi Electric,['transportation'],2011,Unknown,Unknown,20,Unknown,"[{'name': 'Roderick Reichenbach', 'title': 'Co-Founder'}]"
Semmie,['fintech'],2015,Unknown,Unknown,35,bootstrapped,"[{'name': 'Lodewijk Kalden', 'title': 'Co-Founder'}, {'name': 'Lodewijk Kalden', 'title': 'Co-Founder'}, {'name': 'Sem Jr van Berkel', 'title': 'CPO& Co-Founder'}]"
TweetFavy,['media'],2014,Unknown,Unknown,2,Unknown,"[{'name': 'Jerre Baumeister', 'title': 'Unknown'}]"
Pyctor,['fintech'],2021,Unknown,Unknown,6,subsidiary,"[{'name': 'Hervé François', 'title': 'Board Member'}, {'name': 'Nicolas Caille', 'title': 'Board Member'}, {'name': 'Antoine Girard', 'title': 'Partner'}, {'name': 'Antoine Girard', 'title': 'Co-Founder& COO'}, {'name': 'Petar Panayotov', 'title': 'Co-Founder& COO'}, {'name': 'Nicolas Caille', 'title': 'Co-Founder'}]"
Next2Company,['enterprise software'],2014,Unknown,Unknown,9,bootstrapped,"[{'name': 'Erik van der Meulen', 'title': 'Co-Founder'}, {'name': 'Mark Vavier', 'title': 'Co-Founder'}, {'name': 'Jan R. Smit', 'title': 'Co-Founder'}]"
Mr.Berry's,['food'],2020,Unknown,Unknown,1,Unknown,"[{'name': 'Floris de Laat', 'title': 'Founder'}]"
OnsFotoboek,['media'],2017,Unknown,Unknown,Unknown,Unknown,[]
Liefling,['fashion'],2015,Unknown,Unknown,Unknown,Unknown,"[{'name': 'Marcel Stroop', 'title': 'Business Development'}]"
Local Makers,['robotics'],2014,Unknown,Unknown,1,venture capital,"[{'name': 'Mark Austen', 'title': 'Owner'}, {'name': 'Gabi Potsa', 'title': 'Owner'}, {'name': 'Lisa Klaver', 'title': 'Unknown'}, {'name': 'Mark Austen', 'title': 'Product Developer'}]"
The Amsterdam VR Company,['marketing'],2016,Unknown,Unknown,1,Unknown,"[{'name': 'Johan Jongkind', 'title': 'Director'}]"
Lucius Digital,['media'],2004,Unknown,Unknown,1,bootstrapped,"[{'name': 'Henk Cann', 'title': 'Founder'}, {'name': 'Joris Snoek', 'title': 'Founder'}]"
LegalMatters,['legal'],2014,$3—4m,['$660k'],14,venture capital,"[{'name': 'Kevin Westermeijer', 'title': 'Co-Founder'}, {'name': 'Piet-Hein Boekel', 'title': 'Co-Founder'}, {'name': 'Piet-Hein Boekel', 'title': 'Co-Founder'}, {'name': 'Albert Oegema', 'title': 'Co-Founder'}]"
TheNextSoftware,['fintech'],2014,Unknown,Unknown,5,bootstrapped,"[{'name': 'Sjoerd Heijmans', 'title': 'Founder'}, {'name': 'Geert Leijen', 'title': 'Founder'}]"
Equip,['jobs recruitment'],2022,$9—13m,['$2.3m'],14,venture capital,"[{'name': 'Jan Cees van Senden', 'title': 'CTO& Co-Founder'}, {'name': 'Toon Peek', 'title': 'CTO& Co-Founder'}, {'name': 'Jons Janssens', 'title': 'Unknown'}]"
Growack,['marketing'],2017,Unknown,Unknown,5,Unknown,"[{'name': 'Sushil Krishna', 'title': 'Head of Marketing & Growth& Founder'}]"
Leasemore.nl,"['fintech', 'transportation']",2015,Unknown,Unknown,2,bootstrapped,"[{'name': 'Tim van der Vooren', 'title': 'CEO'}, {'name': 'Tim van der Vooren', 'title': 'CEO'}]"
Affic,['real estate'],2021,Unknown,Unknown,2,subsidiary,"[{'name': 'James Scott', 'title': 'CTO& Founder'}, {'name': 'Patrick Nijssen', 'title': 'CTO& Founder'}]"
Airchip,['fintech'],2018,Unknown,Unknown,5,Unknown,"[{'name': 'Joeri de Wit', 'title': 'Managing Director& Co-Founder'}, {'name': 'Daniel van Drunen', 'title': 'Managing Director& Co-Founder'}, {'name': 'Joeri de Wit', 'title': 'CEO& Founder'}]"
Clinck,['marketing'],2013,Unknown,Unknown,7,bootstrapped,"[{'name': 'Seffie Treistman', 'title': 'CEO'}, {'name': 'Ilja Bakx', 'title': 'CEO'}]"
Live Life Platform,"['security', 'media']",2017,Unknown,Unknown,1,bootstrapped,"[{'name': 'Diede Broers', 'title': 'Director& Co-Founder'}, {'name': 'Robert Schaeffer', 'title': 'Director& Co-Founder'}]"
Groovidi,['music'],2017,Unknown,Unknown,1,Unknown,[]
RocketX,"['jobs recruitment', 'marketing']",2020,Unknown,Unknown,60,bootstrapped,"[{'name': 'Fabian Hoegee', 'title': 'CEO& Founder'}, {'name': 'Adine Tjeenk Willink', 'title': 'CEO& Founder'}, {'name': 'Angrick Capriles Torres', 'title': 'Co-Founder'}, {'name': 'Justin Swart', 'title': 'Co-Founder'}, {'name': 'Justin Swart', 'title': 'Co-Founder'}, {'name': 'Tim Goedhart', 'title': 'Investor'}, {'name': 'Rob Rasing', 'title': 'Unknown'}, {'name': 'Kaan Anit', 'title': 'Unknown'}, {'name': 'Beer Zandt', 'title': 'Former CEO& Founder'}, {'name': 'Andre Smits', 'title': 'Co-Founder'}, {'name': 'Vincenzo Romanucci', 'title': 'Co-Founder'}, {'name': 'Simon Demarmels', 'title': 'Unknown'}, {'name': 'Menno de Graaf', 'title': 'Co-Founder'}, {'name': 'Martijn de Reeper', 'title': 'Co-Founder'}, {'name': 'Victor Lubbers', 'title': 'Unknown'}, {'name': 'Koen', 'title': 'Co-Founder'}, {'name': 'Florentine', 'title': 'Co-Founder'}, {'name': 'Serap Ipek', 'title': 'Unknown'}, {'name': 'Chérie', 'title': 'Founder'}, {'name': 'Maxime van Zanden', 'title': 'Founder'}, {'name': 'Renske Smits', 'title': 'COO& CCO'}, {'name': 'Rudolf Maas Geesteranus', 'title': 'Co-Founder'}, {'name': 'Rob Rasing', 'title': 'Co-Founder'}, {'name': 'Victor Lubbers', 'title': 'Former CEO& Co-Founder'}, {'name': 'Dylan van Wonderen', 'title': 'Founder'}]"
Healsens,['health'],2019,Unknown,Unknown,1,bootstrapped,"[{'name': 'Arthur Arzumanyan', 'title': 'Former'}]"
SchedJoules,['media'],2010,$660—990k,Unknown,3,venture capital,"[{'name': 'Rutger Geelen', 'title': 'Co-Founder'}, {'name': 'Bo Wesdorp', 'title': 'Co-Founder'}, {'name': 'Wilfred Stegeman', 'title': 'Mentor'}]"
Glass Shop Wall,['marketing'],2013,Unknown,Unknown,1,bootstrapped,"[{'name': 'Wesley Weerdenburg.', 'title': 'Managing Director'}, {'name': 'Wesley Weerdenburg', 'title': 'Managing Director'}, {'name': 'Tom van Sprundel', 'title': 'Former IT Consultant'}]"
Cyber Alpha Security B.V.,['security'],2013,Unknown,Unknown,1,Unknown,"[{'name': 'Finn McClain', 'title': 'Vice President Global Sales& General Manager Benelux'}]"
QSPSEO,['marketing'],2018,Unknown,Unknown,11,Unknown,[]
youai,Unknown,2020,Unknown,Unknown,6,bootstrapped,"[{'name': 'Luuk Figdor', 'title': 'Founder'}, {'name': 'Sarah Parinussa', 'title': 'Founder'}, {'name': 'Stefan van Eijk', 'title': 'Senior Data Scientist'}, {'name': 'Robey de Jong', 'title': 'Co-Founder'}, {'name': 'Bas Verheij', 'title': 'Co-Founder'}]"
Amsterdo,['gaming'],2012,Unknown,Unknown,3,bootstrapped,"[{'name': 'Juan Carlos Zuloaga Ramirez', 'title': 'Co-owner'}]"
Serverspace,['enterprise software'],2019,Unknown,Unknown,5,Unknown,[]
Map My Tracks,['sports'],2007,Unknown,Unknown,1,Unknown,"[{'name': 'Simon Wakeman', 'title': 'Marketing& PR'}, {'name': 'Nick Tatt', 'title': 'Marketing& PR'}]"
Copernica,['marketing'],2001,Unknown,Unknown,38,bootstrapped,"[{'name': 'Witold Rosendaal', 'title': 'Former Director& Founder'}, {'name': 'Dennis De Koning', 'title': 'Former Director& Founder'}, {'name': 'Michael Linthorst', 'title': 'Unknown'}, {'name': 'Vincent Thamm', 'title': 'Co-Founder'}, {'name': 'Paul Stam', 'title': 'Co-Founder'}, {'name': 'Krystan Huberts', 'title': 'Unknown'}, {'name': 'Alcuin van Zijl', 'title': 'CEO& Co-Founder'}, {'name': 'Emiel Bruijntjes', 'title': 'CEO& Co-Founder'}]"
WhatsThePlan,['media'],2014,Unknown,Unknown,1,Unknown,"[{'name': 'Michael Gomez Varela', 'title': 'Former'}]"
Woodify,['fashion'],2013,Unknown,Unknown,1,bootstrapped,"[{'name': 'Robert Hoesel', 'title': 'CEO& Co-Founder'}]"
Hypotheek24.nl,['fintech'],2015,Unknown,Unknown,14,bootstrapped,"[{'name': 'Peter Ruys', 'title': 'Unknown'}]"
Roundabout Social Marketing,['marketing'],2016,$6m,['$550k'],22,Unknown,"[{'name': 'Rogier Visser', 'title': 'Founder'}]"
Shuffler.fm,"['music', 'music']",2010,Unknown,Unknown,2,bootstrapped,"[{'name': 'Tim Heineke', 'title': 'CEO& Founder'}, {'name': 'David Strauss', 'title': 'CEO& Founder'}, {'name': 'Diederik Martens', 'title': 'Co-Founder'}, {'name': 'Marcel corso', 'title': 'Co-Founder'}]"
GETSCOPE,['marketing'],2017,Unknown,Unknown,3,Unknown,"[{'name': 'Guido Schilperoort', 'title': 'Unknown'}, {'name': 'Guido Schilperoort', 'title': 'Unknown'}]"
BestHotelOffers,['travel'],2010,Unknown,Unknown,1,bootstrapped,"[{'name': 'Martijn Lindeman', 'title': 'CEO& Founder'}, {'name': 'Patrique van der Valk', 'title': 'CEO& Founder'}]"
MyAdbooker,['marketing'],2012,Unknown,Unknown,5,bootstrapped,"[{'name': 'Jesse Eisses', 'title': 'CTO& Co-Founder'}, {'name': 'Jochem Verheul', 'title': 'CTO& Co-Founder'}, {'name': 'Bart op het Veld', 'title': 'Lead Programmer'}, {'name': 'Stephanne Klatte', 'title': 'Former Co-Founder'}, {'name': 'Sten Ouderdorp', 'title': 'Former Co-Founder'}, {'name': 'Radjen van Wilsem', 'title': 'Unknown'}, {'name': 'Sebastian Op het Veld', 'title': 'COO'}]"
Moongro,['jobs recruitment'],2017,Unknown,Unknown,17,bootstrapped,"[{'name': 'Diederick Zwijnen', 'title': 'Co-Founder'}, {'name': 'Rob Gent', 'title': 'Co-Founder'}, {'name': 'Mitch Voskuilen', 'title': 'Former Co-Founder'}, {'name': 'Tjadi Jesse Peeters', 'title': 'CEO& Co-Founder'}, {'name': 'Robin Friend', 'title': 'CEO& Co-Founder'}, {'name': 'Duco Vermeulen', 'title': 'Former Sales Executive'}, {'name': 'Adriaan Kolff', 'title': 'CEO& Founder'}, {'name': 'Ernst Van Niekerk', 'title': 'CEO& Founder'}, {'name': 'Martijn Wijsmuller', 'title': 'Former'}, {'name': 'Florian van Schreven', 'title': 'Founder'}, {'name': 'Dorit Roest', 'title': 'Founder'}, {'name': 'Oscar Bieleveld', 'title': 'Unknown'}, {'name': 'Joost Aanen', 'title': 'COO& Founder'}]"
Revenue.ai,['enterprise software'],2020,Unknown,Unknown,46,Unknown,"[{'name': 'Rob Korbijn', 'title': 'CEO'}]"
Little Chicken Game Company,['gaming'],2001,Unknown,Unknown,27,bootstrapped,"[{'name': 'Gijs Sickenga', 'title': 'Co-Founder'}, {'name': 'Dominic De Graaf', 'title': 'Co-Founder'}, {'name': 'Senne de Jong', 'title': 'Unknown'}]"
Gekko,['fintech'],2013,Unknown,Unknown,8,Unknown,"[{'name': 'Julius Heyning', 'title': 'Founder'}, {'name': 'Joris Docter', 'title': 'Founder'}, {'name': 'Vlad Lep', 'title': 'CCO'}, {'name': 'Chema Valle Rodríguez', 'title': 'Co-Founder'}, {'name': 'Julius', 'title': 'Co-Founder'}, {'name': 'Joris Docter', 'title': 'Unknown'}, {'name': 'Tijs Teulings', 'title': 'Co-Founder'}]"
Zylos,['transportation'],2016,Unknown,Unknown,1,Unknown,"[{'name': 'Roger Teuwsen', 'title': 'Director'}]"
CoolGames,['gaming'],2009,$20—30m,['$7.0m'],44,subsidiary,"[{'name': 'Adam Jaffe', 'title': 'Unknown'}, {'name': 'Luciano Nooijen', 'title': 'Unknown'}, {'name': 'Ard Kortenoeven', 'title': 'Unknown'}, {'name': 'Laurens Rutten', 'title': 'Founder'}, {'name': 'Massimo Guerrato', 'title': 'Founder'}, {'name': 'Mark Bivens', 'title': 'Unknown'}, {'name': 'Mathijs Seegers', 'title': 'Co-Founder'}, {'name': 'Timm Geyer', 'title': 'Co-Founder'}, {'name': 'Matías Rodsevich', 'title': 'Former'}, {'name': 'Özgen Güngör', 'title': 'CEO& Founder'}]"
Noticesound,['music'],2012,Unknown,Unknown,8,bootstrapped,"[{'name': 'Kent de Bruin', 'title': 'Former Co-Founder'}]"
H2 Hydrogenic,"['transportation', 'enterprise software']",2009,Unknown,Unknown,8,bootstrapped,"[{'name': 'Aelwyn Hettinga', 'title': 'CEO& Co-Founder'}, {'name': 'Aelwyn Hettinga', 'title': 'CEO& Co-Founder'}]"
Lucis Lamp,['home living'],2014,Unknown,Unknown,19,bootstrapped,"[{'name': 'Lardy van der Pal', 'title': 'Co-Founder& Business Development'}]"
CloseAlert,['marketing'],2010,Unknown,Unknown,4,bootstrapped,"[{'name': 'Chiho Liu', 'title': 'Founder'}, {'name': 'Alvin Vogelzang', 'title': 'Founder'}, {'name': 'Rick Hermans', 'title': 'Unknown'}, {'name': 'Yori Högemann', 'title': 'Co-Founder'}, {'name': 'Marius Kirschke', 'title': 'Co-Founder'}, {'name': 'Anouk Visser', 'title': 'Unknown'}, {'name': 'Ruben Zantingh-Božić', 'title': 'Co-Founder'}, {'name': 'Joost de Vries', 'title': 'Co-Founder'}, {'name': 'Yori Hogemann', 'title': 'Founder'}, {'name': 'Rick Hermans', 'title': 'Co-Founder'}]"
Yanomo,['marketing'],2010,Unknown,Unknown,1,bootstrapped,"[{'name': 'Ralph De Geus', 'title': 'Founder'}, {'name': 'Juul Manders', 'title': 'Founder'}, {'name': 'Joost Schouten', 'title': 'Founder'}, {'name': 'Jacob van Duijn', 'title': 'Founder'}, {'name': 'Juul Manders', 'title': 'Founder'}, {'name': 'Ralph de Geus', 'title': 'CEO& Founder'}]"
Booka Rentals,"['travel', 'travel', 'real estate']",2013,Unknown,Unknown,1,bootstrapped,"[{'name': 'Pepijn Niesten', 'title': 'Founder'}, {'name': 'Juul Steyn', 'title': 'Founder'}, {'name': 'Pepijn Niesten', 'title': 'Unknown'}]"
Klets,['enterprise software'],2014,Unknown,Unknown,1,Unknown,"[{'name': 'Joshua Schoenaker', 'title': 'Co-Founder'}, {'name': 'Egbert Teeselink', 'title': 'Co-Founder'}]"
Flipbase,"['media', 'jobs recruitment']",2013,Unknown,Unknown,2,bootstrapped,"[{'name': 'Joris Knulst', 'title': 'Co-Founder'}, {'name': 'Bram Tierie', 'title': 'Co-Founder'}, {'name': 'Ron X Jansen', 'title': 'Former'}]"
Exivity,"['fintech', 'hosting']",2017,Unknown,Unknown,14,bootstrapped,"[{'name': 'Joram van den Boezem', 'title': 'CTO& Co-Founder'}, {'name': 'Tim Rab', 'title': 'CTO& Co-Founder'}, {'name': 'Eddy D.', 'title': 'Former Web Developer'}]"
DAWQ,['fintech'],2017,$1m,Unknown,1,Unknown,"[{'name': 'Paul Maddock', 'title': 'Unknown'}]"
Gymeyes,['sports'],2016,Unknown,Unknown,12,angel,"[{'name': 'Gijs Craenmehr', 'title': 'Investor'}, {'name': 'Mitchell Warmerdam', 'title': 'Investor'}]"
Fundrbird,['fintech'],2015,Unknown,Unknown,28,bootstrapped,"[{'name': 'Roderick Esch', 'title': 'Co-Founder'}, {'name': 'Tomasz Ozga', 'title': 'Co-Founder'}, {'name': 'Bram van Esch', 'title': 'Co-Founder& COO'}, {'name': 'Roderick van Esch', 'title': 'Co-Founder& COO'}]"
Green Mini host,['hosting'],2009,Unknown,Unknown,5,bootstrapped,"[{'name': 'Joris Sartorius', 'title': 'CEO'}]"
Zhero,['energy'],2022,Unknown,Unknown,23,venture capital,"[{'name': ""Marco Alvera'"", 'title': 'Co-Founder'}]"
Utelysis,['telecom'],2001,Unknown,Unknown,8,bootstrapped,"[{'name': 'Danny Burns', 'title': 'CTO& Founder'}, {'name': 'Hans Bodewus', 'title': 'CTO& Founder'}]"
Icecat,"['media', 'marketing']",1999,Unknown,Unknown,131,public,"[{'name': 'Pieter Herpen', 'title': 'Founder'}, {'name': 'Pieter van Herpen', 'title': 'Founder'}, {'name': 'Felix Schroder', 'title': 'Founder'}, {'name': 'Sergey Shvets', 'title': 'Founder'}, {'name': 'Koen Looijmans', 'title': 'Founder'}, {'name': 'Martijn J. Hoogeveen PhD', 'title': 'Investor'}, {'name': 'Alexey', 'title': 'Founder'}, {'name': 'Martijn J. Hoogeveen', 'title': 'Founder'}, {'name': 'EMRE TAN ALTINOK', 'title': 'Unknown'}, {'name': 'Martijn J. Hoogeveen', 'title': 'Founder'}]"
Tinker,"['travel', 'travel']",2012,Unknown,Unknown,4,bootstrapped,"[{'name': 'Alexander Keehnen', 'title': 'Co-Founder'}, {'name': 'Tom Patterson', 'title': 'Co-Founder'}, {'name': 'Jelle Herold', 'title': 'Unknown'}, {'name': 'Kavish Badal', 'title': 'CTO& Co-Founder'}, {'name': 'Pieter Duijs', 'title': 'CTO& Co-Founder'}, {'name': 'Tatyana Kuva', 'title': 'Advisor'}, {'name': 'Rajesh Chandran', 'title': 'CEO'}, {'name': 'Luke Braud', 'title': 'CEO'}]"
Pabbl,['marketing'],2015,Unknown,Unknown,9,venture capital,"[{'name': 'Jeroen Malotaux', 'title': 'Co-Founder'}, {'name': 'Bas Gerritsen', 'title': 'Co-Founder'}]"
Shefarms,['fintech'],2015,Unknown,Unknown,1,bootstrapped,"[{'name': 'Tiambi R Simms', 'title': 'Unknown'}, {'name': 'Koen de Wit', 'title': 'Unknown'}]"
Mat Biotech,['health'],2017,Unknown,Unknown,3,bootstrapped,"[{'name': 'Shabnam Solati', 'title': 'CEO& Co-Founder'}]"
Lender & Spender,['fintech'],2016,Unknown,Unknown,23,subsidiary,"[{'name': 'Huub Wart', 'title': 'CTO& Co-Founder'}, {'name': 'Robert Leclercq', 'title': 'CTO& Co-Founder'}, {'name': 'Lino Hendriks', 'title': 'Former Web Developer'}, {'name': 'Gino Soeriowardojo', 'title': 'CEO& Co-Founder'}]"
Cineville,"['event tech', 'marketing']",2009,Unknown,Unknown,45,bootstrapped,"[{'name': 'Frank Evers', 'title': 'Co-Founder& President'}, {'name': 'Thomas Hosman', 'title': 'Co-Founder& President'}, {'name': 'Ferdi Klomp', 'title': 'Board Member& Investor'}]"
RemIQz Football,"['sports', 'marketing']",2016,Unknown,Unknown,2,bootstrapped,"[{'name': 'Robert Slijk', 'title': 'Founder'}, {'name': 'Robert Slijk', 'title': 'Founder'}, {'name': 'Pieter Nieuwenhuis', 'title': 'Former Director& Founder'}]"
MYPUP - My Pick Up Point,['transportation'],2014,Unknown,Unknown,27,venture capital,"[{'name': 'Justin Swart', 'title': 'Co-Founder'}, {'name': 'Dennis Berg', 'title': 'Co-Founder'}, {'name': 'Luke Van Der Wardt', 'title': 'Unknown'}, {'name': 'Martijn Van Schaveren', 'title': 'CTO& Co-Founder'}, {'name': 'Luke van der Wardt', 'title': 'CTO& Co-Founder'}]"
Red Tulip Systems,['security'],2015,Unknown,Unknown,2,venture capital,[]
Freundlich,['jobs recruitment'],2016,Unknown,Unknown,1,Unknown,"[{'name': 'Zowie Langdon', 'title': 'Head of Technology& Founder'}, {'name': 'Roy Snoeijink', 'title': 'Head of Technology& Founder'}, {'name': 'Emiel de Sevren Jacquet', 'title': 'Former CTO& Founder'}]"
Yep Ads,['marketing'],2015,Unknown,Unknown,31,Unknown,[]
HelloTrip,"['travel', 'transportation']",2013,Unknown,Unknown,3,bootstrapped,"[{'name': 'Florian Chilla', 'title': 'Associate& Investment Manager'}, {'name': 'Chris Durban', 'title': 'Associate& Investment Manager'}, {'name': 'Saeed Younesi', 'title': 'Board Observer'}]"
ICEPAY,['fintech'],1999,Unknown,Unknown,11,bootstrapped,"[{'name': 'Steven de Boer', 'title': 'CEO'}, {'name': 'Derck Mekkering', 'title': 'CEO'}]"
Excel Easy,['enterprise software'],2010,Unknown,Unknown,1,bootstrapped,"[{'name': 'Niels Weterings', 'title': 'CEO'}]"
Orangevine,"['media', 'hosting']",2016,Unknown,Unknown,1,bootstrapped,"[{'name': 'Moriam H.', 'title': 'Unknown'}]"
Dignita,['food'],2014,Unknown,Unknown,29,bootstrapped,"[{'name': 'Mark Wexler', 'title': 'Board Member& Founder'}]"
Zonnefabriek,['energy'],2009,Unknown,Unknown,36,Unknown,"[{'name': 'Henri de Jong', 'title': 'CEO& Founder'}, {'name': 'Sjoerd Schouten', 'title': 'CEO& Founder'}]"
Join the Pipe,['health'],2008,Unknown,Unknown,14,bootstrapped,"[{'name': 'Babette Waaijer', 'title': 'Unknown'}]"
Xccelerated,['education'],2018,Unknown,Unknown,63,Unknown,[]
House of Treats,['marketing'],2018,Unknown,Unknown,5,bootstrapped,"[{'name': 'Fleur Ditzel - Runhardt', 'title': 'Founder'}]"
HRcommunity,"['education', 'jobs recruitment']",2009,Unknown,Unknown,11,Unknown,"[{'name': 'Remco Mostertman', 'title': 'Unknown'}]"
Studio Fabrick,['fashion'],2012,Unknown,Unknown,1,bootstrapped,"[{'name': 'Justine Zoest', 'title': 'Co-Founder'}, {'name': 'sanne andrée wiltens', 'title': 'Co-Founder'}]"
Lukida Science,"['education', 'jobs recruitment']",2017,Unknown,Unknown,62,Unknown,"[{'name': 'Jesse Dijksman', 'title': 'Unknown'}]"
WePrevent,['security'],2011,Unknown,Unknown,17,angel,"[{'name': 'Bas Hertz', 'title': 'Founder'}, {'name': 'Willem Tacken', 'title': 'Founder'}, {'name': 'Michiel Hertz', 'title': 'CEO'}, {'name': 'Jan Willem Gerritsen', 'title': 'CCO& Chief Commercial Officer (CCO)'}]"
Sally,['dating'],2017,Unknown,Unknown,1,bootstrapped,"[{'name': 'Kishan Chamman', 'title': 'Founder'}, {'name': 'Wesley Botman', 'title': 'Founder'}]"
Luvare,['gaming'],2007,Unknown,Unknown,1,Unknown,"[{'name': 'Luuk van Rens', 'title': 'Owner'}]"
Like Fridays,['travel'],2012,Unknown,Unknown,2,bootstrapped,"[{'name': 'Ata Farzamnia', 'title': 'Co-Founder'}]"
Easyswitch,"['fintech', 'energy']",2009,Unknown,Unknown,1,Unknown,"[{'name': 'Jelle Feenstra', 'title': 'Business Development Director - Co-founder'}, {'name': 'Frederik van der Veen', 'title': 'Business Development Director - Co-founder'}]"
Living Amsterdam,['travel'],2012,Unknown,Unknown,2,Unknown,"[{'name': 'Omer Khan', 'title': 'Robin Travels& Living World Wild'}]"
Respectance,['media'],2006,$6—9m,['$1.8m'],2,venture capital,"[{'name': 'Marcin Pyla', 'title': 'Founder'}, {'name': 'Ilana Fried', 'title': 'Founder'}, {'name': 'Jacques Wilt', 'title': 'Former CTO'}, {'name': 'Todd Wilkinson', 'title': 'Founder'}, {'name': 'Richard Derks', 'title': 'Founder'}, {'name': 'Hans Koning', 'title': 'Unknown'}, {'name': 'Richard Derks', 'title': 'CEO& Founder'}]"
Vicky,['transportation'],2018,Unknown,Unknown,41,bootstrapped,"[{'name': 'Pieter Paul Groot', 'title': 'Founder'}, {'name': 'Chiel Van Lieshout', 'title': 'Founder'}, {'name': 'Steven Kesler', 'title': 'Founder'}, {'name': 'Marcel Van Rossum', 'title': 'Founder'}]"
Compagnon,['jobs recruitment'],2000,Unknown,Unknown,127,bootstrapped,"[{'name': 'Jan Verkooijen', 'title': 'Director& Co-Founder'}, {'name': 'Frank Roders', 'title': 'Director& Co-Founder'}, {'name': 'Bob Prince', 'title': 'Director& Founder'}, {'name': 'Judith Webber', 'title': 'CEO& Founder'}]"
Recommendr,"['jobs recruitment', 'enterprise software']",2016,Unknown,Unknown,6,bootstrapped,"[{'name': 'Bart Koornstra', 'title': 'Founder'}, {'name': 'Imme Bertens', 'title': 'Founder'}, {'name': 'Diaz de Barbanson', 'title': 'Former'}, {'name': 'Bart Koornstra', 'title': 'Co-Founder'}, {'name': 'Bart Koornstra', 'title': 'Co-Founder'}]"
Brand Your Party,"['event tech', 'marketing']",2017,Unknown,Unknown,1,Unknown,"[{'name': 'Carlijn Offergelt', 'title': 'Unknown'}]"
WOVOX,['event tech'],2010,Unknown,Unknown,1,bootstrapped,"[{'name': 'Steven Blom', 'title': 'Co-Founder'}, {'name': 'Mundo Resink', 'title': 'Co-Founder'}, {'name': 'Michel Kobus', 'title': 'Co-Founder'}, {'name': 'Josh Diaz', 'title': 'Co-Founder'}]"
Magioni,['food'],2015,Unknown,Unknown,9,bootstrapped,"[{'name': 'Laura Hoogland', 'title': 'Founder'}, {'name': 'Manon Van Essen', 'title': 'Founder'}]"
Dronevlieger.nl,"['media', 'robotics']",2011,Unknown,Unknown,1,Unknown,"[{'name': 'Niels Voorn', 'title': 'CEO'}]"
Videodock,['media'],2009,Unknown,Unknown,10,Unknown,"[{'name': 'Bauke Freiburg', 'title': 'CTO& Founder'}, {'name': 'Bastiaan Niamut', 'title': 'CTO& Founder'}, {'name': 'Willem Daems', 'title': 'Managing Director& Owner'}, {'name': 'Ron van der Sterren', 'title': 'Technical Director& Founder'}, {'name': 'Nick van Ginkel', 'title': 'Technical Director& Founder'}]"
PropTech Academy,"['real estate', 'education']",2017,Unknown,Unknown,2,Unknown,"[{'name': 'Mike Sarlemijn', 'title': 'Co-Founder'}, {'name': 'Sabine Schoorl', 'title': 'Co-Founder'}]"
Voltogo,['energy'],2018,Unknown,Unknown,1,bootstrapped,"[{'name': 'Folkert Roscam Abbing', 'title': 'Co-Founder'}, {'name': 'Job Veltman', 'title': 'Co-Founder'}]"
Pick N Dazzle,['wellness beauty'],2014,Unknown,Unknown,2,bootstrapped,"[{'name': 'sylvie chevillon', 'title': 'Chief Marketing Officer'}, {'name': 'Pavlina Marinova', 'title': 'Chief Marketing Officer'}]"
MadeFor.,['education'],2019,Unknown,Unknown,7,bootstrapped,"[{'name': 'Pier Stein', 'title': 'Founder'}, {'name': 'Agnese', 'title': 'Founder'}]"
Skill Nation,['gaming'],2016,Unknown,Unknown,2,bootstrapped,"[{'name': 'Khaled Ibrahimi', 'title': 'Managing Director& Co-Founder'}, {'name': 'Khaled Ibrahimi', 'title': 'Managing Director& Co-Founder'}]"
Monokai,['travel'],2006,Unknown,Unknown,1,bootstrapped,"[{'name': 'Wimer Hazenberg', 'title': 'Founder'}, {'name': 'Wimer Hazenberg', 'title': 'Founder'}, {'name': 'Wimer Hazenberg', 'title': 'Founder'}]"
GRO Together,['food'],2010,Unknown,Unknown,7,bootstrapped,"[{'name': 'Jan Willem Bosman Jansen', 'title': 'Unknown'}]"
MedicPlanner,['health'],2017,Unknown,Unknown,4,bootstrapped,"[{'name': 'Dennis Korijn', 'title': 'Founder'}, {'name': 'Hans Flu, MD, PhD', 'title': 'Founder'}, {'name': 'Hans Flu', 'title': 'Former'}]"
Energiesprong,"['energy', 'home living']",2016,Unknown,Unknown,6,bootstrapped,"[{'name': 'Tessie Vilée', 'title': 'Director& Founder'}, {'name': 'Jasper Munckhof', 'title': 'Director& Founder'}, {'name': 'Ron Erck', 'title': 'Former CEO& Founder'}]"
United Academics,['education'],2010,Unknown,Unknown,16,bootstrapped,"[{'name': 'Hossein Kazemi', 'title': 'Co-Founder'}, {'name': 'Marco Giannone', 'title': 'Co-Founder'}, {'name': 'Hossein Kazemi', 'title': 'Co-Founder'}, {'name': 'Marelle Beerschoten', 'title': 'Founder'}, {'name': 'Marco Wijnakker', 'title': 'Founder'}, {'name': 'Louis Lapidaire', 'title': 'Former CEO& Co-Founder'}]"
Scholastico,"['education', 'event tech']",2013,Unknown,Unknown,1,bootstrapped,"[{'name': 'Kshitij Ahuja', 'title': 'Founder'}, {'name': 'Warren Apel', 'title': 'Founder'}]"
Pixsweet,['food'],2016,Unknown,Unknown,9,bootstrapped,"[{'name': 'Janne Kyttanen', 'title': 'Co-Founder'}, {'name': 'Carrie Howe', 'title': 'Co-Founder'}]"
Twibfy,['media'],2013,Unknown,Unknown,1,bootstrapped,"[{'name': 'David Robustelli', 'title': 'Director& Founder'}, {'name': 'Simon van Cleeff', 'title': 'Director& Founder'}, {'name': 'David Robustelli', 'title': 'Creative Director& Founder'}, {'name': 'Matteo Pascale', 'title': 'Founder'}]"
TWO-O,['home living'],2011,Unknown,Unknown,9,bootstrapped,"[{'name': 'Rodny Heemskerk', 'title': 'Founder'}, {'name': 'Mahmoud El-Rashidi', 'title': 'Founder'}, {'name': 'Bob Koning', 'title': 'Managing Director& Co-Founder'}]"
Chaud Devant Chefwear,['fashion'],1996,Unknown,Unknown,31,bootstrapped,"[{'name': 'Bianca Lee', 'title': 'CEO& Founder'}]"
WIEWATHAAR,['wellness beauty'],2010,Unknown,Unknown,3,bootstrapped,"[{'name': 'Marit Heemskerk', 'title': 'Partner'}]"
100grams,['marketing'],2011,Unknown,Unknown,3,bootstrapped,"[{'name': 'Rotem Rubnov', 'title': 'Founder'}]"
Lukida,['education'],2012,$88—132k,['$22.0k'],82,angel,"[{'name': 'Julius Heyning', 'title': 'Founder'}, {'name': 'Bas Grasmayer', 'title': 'Founder'}, {'name': 'Jesse Dijksman', 'title': 'CCO'}, {'name': 'Erik van Luxzenburg', 'title': 'Founder'}]"
soofos,['education'],2015,Unknown,Unknown,9,Unknown,"[{'name': 'Anton Verkooijen', 'title': 'Co-Founder'}]"
Studify,['jobs recruitment'],2018,Unknown,Unknown,2,Unknown,"[{'name': 'Niels van der Hoeven', 'title': 'Co-Founder'}]"
NextportChina,"['media', 'marketing']",2012,Unknown,Unknown,11,Unknown,"[{'name': 'Quinten Kemp | 柯昂', 'title': 'Managing Director& Co-Founder'}, {'name': 'Thijs van der Toom', 'title': 'Managing Director& Co-Founder'}]"
MGROUP,['robotics'],2018,Unknown,Unknown,1,Unknown,[]
1nspiring Company,"['education', 'enterprise software']",2014,Unknown,Unknown,8,bootstrapped,"[{'name': 'Josuel Trainer', 'title': 'Unknown'}, {'name': 'Richard Reese', 'title': 'Unknown'}, {'name': 'Bart Jenezon', 'title': 'Unknown'}]"
Ksyos,['health'],2005,Unknown,Unknown,133,bootstrapped,"[{'name': 'Morad Issaouti', 'title': 'Former Co-Founder'}, {'name': 'Leonard Witkamp', 'title': 'Former Co-Founder'}, {'name': 'Gijs Ter Kuile', 'title': 'Former'}]"
Ida,['food'],2014,Unknown,Unknown,33,Unknown,"[{'name': 'Jonathan Araujo', 'title': 'Former Consultant'}, {'name': 'Timo de Winter', 'title': 'Former Consultant'}, {'name': 'Sicco Pier van Gosliga', 'title': 'Former Engineer& Senior'}, {'name': 'Iskander Giniyatullin', 'title': 'Front End Developer& UI Designer'}, {'name': 'Yasir Khokhar', 'title': 'Front End Developer& UI Designer'}]"
VEMT,"['marketing', 'travel']",2004,Unknown,Unknown,7,bootstrapped,"[{'name': 'Karen Beun', 'title': 'Co-Founder'}, {'name': 'Jeroen Nas', 'title': 'Co-Founder'}, {'name': 'Mieke Storms', 'title': 'Former Co-Founder'}, {'name': 'Daniela Racheva', 'title': 'CEO'}, {'name': 'Ben van der Laan', 'title': 'CEO'}, {'name': 'John Trewhitt', 'title': 'Former'}, {'name': 'Jeroen Nas', 'title': 'Marketing& Head of Sales'}]"
Informizely,"['media', 'marketing']",2014,Unknown,Unknown,2,bootstrapped,"[{'name': 'Diderik Broos', 'title': 'Founder'}, {'name': 'Diderik Broos', 'title': 'Founder'}]"
Foodimus B.V.,['food'],2017,Unknown,Unknown,2,bootstrapped,"[{'name': 'Jeroen Vroemen', 'title': 'Unknown'}, {'name': 'Jeroen Vroemen', 'title': 'Unknown'}, {'name': 'Tim Vermeulen', 'title': 'Former Director'}]"
Art of simplicity,['fashion'],2017,Unknown,Unknown,1,bootstrapped,"[{'name': 'Isabella van de Graaff', 'title': 'Co-Founder'}]"
Mélanie Pigeaud Jewelry,['fashion'],2018,Unknown,Unknown,1,bootstrapped,"[{'name': 'Melanie Pigeaud', 'title': 'Founder'}, {'name': 'Mélanie Pigeaud', 'title': 'Founder'}]"
Digitorney,['legal'],2015,Unknown,Unknown,4,Unknown,"[{'name': 'Ruediger Theiselmann', 'title': 'CEO'}, {'name': 'Ruediger Theiselmann', 'title': 'CEO'}, {'name': 'Gaby Baaijens', 'title': 'Business Development Manager'}]"
Yellow Walnut,"['education', 'event tech']",2012,Unknown,Unknown,2,bootstrapped,"[{'name': 'Annette Wassenaar', 'title': 'Director& Co-Founder'}, {'name': 'Adriaan van Loon', 'title': 'Director& Co-Founder'}]"
Kandoor,['fintech'],2016,Unknown,Unknown,28,Unknown,[]
Omniplan,['fintech'],1995,Unknown,Unknown,30,Unknown,"[{'name': 'Dick Verhaar', 'title': 'Managing Director'}]"
Zocket,['jobs recruitment'],2016,Unknown,Unknown,1,bootstrapped,"[{'name': 'Kieran Canisius', 'title': 'CEO& Co-Founder'}, {'name': 'Sabine Hutchison', 'title': 'CEO& Co-Founder'}, {'name': 'Dale de Metz', 'title': 'Unknown'}]"
Coinvert,['fintech'],2018,Unknown,Unknown,6,bootstrapped,"[{'name': 'Randy Vanenburg', 'title': 'CEO& Founder'}, {'name': 'Thomas van der Voort', 'title': 'CEO& Founder'}]"
Bodabags Fashion,['fashion'],2014,Unknown,Unknown,1,bootstrapped,"[{'name': 'Szilvia Boda', 'title': 'Owner'}, {'name': 'Szilvia Boda', 'title': 'Owner'}]"
Global Business Academy,"['event tech', 'marketing']",2015,Unknown,Unknown,4,Unknown,"[{'name': 'Ilse Kerling', 'title': 'Unknown'}, {'name': 'Sabine van Egeraat', 'title': 'Unknown'}]"
Bio is Changed,['media'],2011,Unknown,Unknown,2,bootstrapped,"[{'name': 'Harm-Jan Hazelhorst', 'title': 'Co-Founder'}, {'name': 'Pieter Meijer', 'title': 'Co-Founder'}, {'name': 'Jack Hage', 'title': 'Former Software Engineer'}, {'name': 'Pieter Meijer', 'title': 'Co-Founder'}, {'name': 'Harm-Jan Hazelhorst', 'title': 'Co-Founder'}, {'name': 'Jack Hage', 'title': 'Unknown'}]"
koomalooma,"['fintech', 'marketing']",2015,Unknown,Unknown,2,bootstrapped,"[{'name': 'Massimiliano Silenzi', 'title': 'CEO& Founder'}, {'name': 'Massimiliano Silenzi', 'title': 'CEO& Founder'}, {'name': 'Francesca Cappannini', 'title': 'Unknown'}]"
Maya Gold Trading,['wellness beauty'],2013,Unknown,Unknown,15,bootstrapped,"[{'name': 'Leila Scheffers', 'title': 'Founder'}, {'name': 'Vincent Cieraad', 'title': 'Founder'}]"
Ecostoof,['food'],2018,Unknown,Unknown,4,bootstrapped,[]
Ananas Club,['education'],2017,Unknown,Unknown,2,Unknown,"[{'name': 'Gezi Fu', 'title': 'Unknown'}]"
TWENTY products,['wellness beauty'],2017,Unknown,Unknown,2,bootstrapped,"[{'name': 'Mirjam de Bruijn', 'title': 'Co-Founder'}]"
Hair to Go,"['health', 'wellness beauty']",2022,Unknown,Unknown,1,Unknown,"[{'name': 'Johan Adelaar', 'title': 'CEO'}, {'name': 'johan adelaar', 'title': 'CEO'}]"
Makers Unite,['fashion'],2016,Unknown,Unknown,20,angel,"[{'name': 'Ieth Inolino', 'title': 'Co-Founder'}, {'name': 'Thami Schweichler', 'title': 'Co-Founder'}, {'name': 'Hester Ezra', 'title': 'Unknown'}]"
All Crypto Whitepapers,"['fintech', 'media']",2017,Unknown,Unknown,1,bootstrapped,"[{'name': 'John van Rijck', 'title': 'CEO'}]"
Bright Kitchen,"['real estate', 'food']",2018,Unknown,Unknown,10,bootstrapped,"[{'name': 'Rens Bekkers', 'title': 'Unknown'}]"
BrouwBrood,"['food', 'energy']",2015,Unknown,Unknown,1,Unknown,[]
FINN - banking of things,['fintech'],2017,Unknown,Unknown,1,Unknown,[]
Travelling Connect,['travel'],2004,Unknown,Unknown,3,bootstrapped,"[{'name': 'Richard Wolfe', 'title': 'Founder'}, {'name': 'Marcel Wientjen', 'title': 'Founder'}, {'name': 'Marcel Wientjen', 'title': 'Former Advisor'}]"
Moonshot Diversity & Inclusion,"['education', 'enterprise software']",2019,Unknown,Unknown,2,Unknown,"[{'name': 'Sophie van Gool', 'title': 'Consultant'}]"
QLIM,['transportation'],2014,Unknown,Unknown,1,bootstrapped,"[{'name': 'Johan Van Vulpen', 'title': 'CEO& Founder'}, {'name': 'Johan van Vulpen', 'title': 'CEO& Founder'}]"
Tweakers,['media'],1998,Unknown,Unknown,80,bootstrapped,"[{'name': 'Rogier Pieters', 'title': 'Unknown'}, {'name': 'Pascal Vink', 'title': 'Unknown'}, {'name': 'David Menting', 'title': 'Former Intern'}, {'name': 'Femme Taken', 'title': 'Co-Founder'}, {'name': 'Paul Koster', 'title': 'Co-Founder'}, {'name': 'Jurn Overmars', 'title': 'Lead Programmer'}]"
IamExpat Media,"['media', 'jobs recruitment']",2009,Unknown,Unknown,25,Unknown,"[{'name': 'Sergios Charalampos', 'title': 'Co-Founder'}, {'name': 'Panos Sarlanis', 'title': 'Co-Founder'}, {'name': 'Panagiotis Dionysopoulos', 'title': 'Co-Founder'}, {'name': 'Nikos Nakos', 'title': 'Co-Founder'}, {'name': 'Charalampos Sergios', 'title': 'Former Intern'}]"
FONK,"['media', 'marketing']",2010,Unknown,Unknown,19,bootstrapped,"[{'name': 'Tom Snepvangers', 'title': 'Co-Founder'}, {'name': 'Jasper Damman', 'title': 'Co-Founder'}, {'name': 'Jos Jong', 'title': 'Unknown'}, {'name': 'Dirk Schluter', 'title': 'Co-Founder'}, {'name': 'Pascal Boogaert', 'title': 'Co-Founder'}]"
Mommy Talks,['media'],2018,Unknown,Unknown,1,Unknown,[]
KARIGAR,['fashion'],2015,Unknown,Unknown,2,bootstrapped,"[{'name': 'Kanak Hirani Nautiyal', 'title': 'Co-Founder& Sales'}, {'name': 'Sindhu Holla', 'title': 'Co-Founder& Sales'}]"
Maxedy,['enterprise software'],2013,Unknown,Unknown,8,bootstrapped,[]
Fundo,['enterprise software'],2017,Unknown,Unknown,,Unknown,"[{'name': 'Klaas van der Molen', 'title': 'Unknown'}]"
GUC Agency,['media'],2008,Unknown,Unknown,42,bootstrapped,"[{'name': 'Maikel Snijders', 'title': 'Founder'}, {'name': 'Wessel van der Woude', 'title': 'Founder'}, {'name': 'Brian Hirman', 'title': 'Founder'}]"
HACKED by__,"['fashion', 'energy']",2014,Unknown,Unknown,2,bootstrapped,"[{'name': 'Francisco Benthum', 'title': 'Founder'}]"
Outsourcing Hub,['enterprise software'],2015,Unknown,Unknown,8,bootstrapped,"[{'name': ""Patrick O'Malley"", 'title': 'Founder'}, {'name': 'Onno Karman', 'title': 'Founder'}, {'name': 'Henk Pater', 'title': 'Co-Founder'}, {'name': ""Patrick O'Malley"", 'title': 'Founder'}, {'name': 'Onno Karman', 'title': 'Founder'}]"
ARTIFAM,['enterprise software'],2016,Unknown,Unknown,2,Unknown,[]
The Talent Institute,"['education', 'jobs recruitment']",2015,Unknown,Unknown,102,bootstrapped,"[{'name': 'Margot Moyaert', 'title': 'Founder'}, {'name': 'Daan Herbschleb', 'title': 'Founder'}, {'name': 'Beatriz Mota', 'title': 'Former Student Teaching Assistant'}, {'name': 'Annet Kloprogge', 'title': 'Co-Founder'}, {'name': 'Jeroen Tjepkema', 'title': 'Co-Founder'}, {'name': 'Zowik Abramov', 'title': 'Former Assistant'}, {'name': 'Jo-Ann Dietz', 'title': 'Co-Founder'}, {'name': 'Derk van der Grijp', 'title': 'Co-Founder'}, {'name': 'Marlouk Van Es', 'title': 'Unknown'}, {'name': 'Joey Davelaar', 'title': 'Founder'}, {'name': 'Joey Davelaar', 'title': 'Founder'}, {'name': 'Richard Celm', 'title': 'Managing Director'}, {'name': 'Roderik Hageman', 'title': 'Director& Founder'}, {'name': 'Roderik Hageman', 'title': 'Director& Founder'}, {'name': 'Patrick Zeeuw', 'title': 'Unknown'}, {'name': 'Patrick de Zeeuw', 'title': 'Founder'}, {'name': 'Justin Swart', 'title': 'Founder'}, {'name': 'Kelly Rapmund', 'title': 'Founder'}, {'name': 'Lauren Robbins', 'title': 'Co-Founder'}, {'name': 'Kauan Von Novack', 'title': 'Co-Founder'}, {'name': 'Thomas Doornik', 'title': 'Former'}, {'name': 'Daniel van der Tuijn', 'title': 'Co-Founder'}, {'name': 'Simone Lentjes', 'title': 'Co-Founder'}, {'name': 'Mathieu Christianen', 'title': 'Mentor'}, {'name': 'Floor Kreijkes', 'title': 'Founder'}]"
MagicCaviar,['food'],2019,Unknown,Unknown,1,bootstrapped,"[{'name': 'Henri K.', 'title': 'Founder'}, {'name': 'Henri K', 'title': 'Founder'}]"
Ruler,"['legal', 'fintech']",2013,Unknown,Unknown,3,bootstrapped,"[{'name': 'Ronald Dijk', 'title': 'Director& Founder'}]"
Venopi,['event tech'],2018,Unknown,Unknown,1,Unknown,"[{'name': 'Ivana Setiawan', 'title': 'CEO'}]"
Drimpy,['health'],2011,Unknown,Unknown,5,bootstrapped,"[{'name': 'Arnold Breukhoven', 'title': 'Founder'}]"
Control Space,['real estate'],2013,Unknown,Unknown,2,Unknown,"[{'name': 'Aayush Verma', 'title': 'Co-Founder'}, {'name': 'Paulo Taylor', 'title': 'Co-Founder'}]"
Flamyngo,"['travel', 'travel']",2015,Unknown,Unknown,1,bootstrapped,"[{'name': 'Maarten Graven', 'title': 'Co-Founder& CCO'}]"
Thoughtcube,"['legal', 'dating']",2015,Unknown,Unknown,1,bootstrapped,"[{'name': 'Lennart Huizing', 'title': 'Co-Founder'}, {'name': 'Ahmed Aarad', 'title': 'Co-Founder'}]"
Sketchbook Skool,['home living'],2013,Unknown,Unknown,3,Unknown,"[{'name': 'Koosje Koene', 'title': 'Co-Founder& CCO'}, {'name': 'Danny Gregory', 'title': 'Co-Founder& CCO'}]"
Mijn Garage,['transportation'],2006,Unknown,Unknown,Unknown,Unknown,[]
StrongYes,['jobs recruitment'],2017,Unknown,Unknown,2,Unknown,"[{'name': 'Elena Khokhrina', 'title': 'Former Co-Founder'}]"
Trendwatching.com,"['media', 'marketing']",2002,Unknown,Unknown,111,bootstrapped,"[{'name': 'Sergio García Pérez', 'title': 'Co-Founder'}, {'name': 'Cat Fraser', 'title': 'Co-Founder'}, {'name': 'Gustavo Paiva', 'title': 'Professor'}, {'name': 'Carmen R Telehoi', 'title': 'Founder'}, {'name': 'Louise Zastrow', 'title': 'Founder'}, {'name': 'Anton Björklund', 'title': 'Unknown'}, {'name': 'Michell Zappa', 'title': 'CTO& Co-Founder'}, {'name': 'Anton Björklund', 'title': 'CTO& Co-Founder'}, {'name': 'Henry Coutinho-Mason', 'title': 'Former'}, {'name': 'Xander Van Baarsen', 'title': 'Founder'}, {'name': 'Alice Revel', 'title': 'Founder'}, {'name': 'Lisa Feierstein', 'title': 'Unknown'}, {'name': 'Acacia Leroy', 'title': 'Founder'}, {'name': 'David Mattin', 'title': 'Founder'}, {'name': 'Victoria Loomes', 'title': 'Unknown'}, {'name': 'Maxwell Luthy', 'title': 'Co-Founder'}, {'name': 'Reinier Evers', 'title': 'Co-Founder'}, {'name': 'Henry Mason', 'title': 'Product Manager'}, {'name': 'Matthijs van Waveren', 'title': 'Unknown'}]"
Study2Go,['education'],2017,Unknown,Unknown,3,bootstrapped,"[{'name': 'Hans Dijksman', 'title': 'Co-Founder'}]"
CACHICCI B.V.,['marketing'],2012,Unknown,Unknown,1,bootstrapped,"[{'name': 'Carina', 'title': 'Managing Director'}]"
True Legends IT Professionals,['education'],2015,Unknown,Unknown,27,bootstrapped,"[{'name': 'Robin Friend', 'title': 'COO& Founder'}, {'name': 'Jasper Floor', 'title': 'COO& Founder'}, {'name': 'Adriaan Kolff', 'title': 'Former Director& Founder'}, {'name': 'Nanning Jacobs', 'title': 'Co-Founder'}, {'name': 'Willem Bosch', 'title': 'Co-Founder'}, {'name': 'Emile Bezemer', 'title': 'Unknown'}, {'name': 'Oscar Bieleveld', 'title': 'Co-Founder'}]"
Bookingpetz.com,['food'],2017,Unknown,Unknown,2,Unknown,"[{'name': 'Booking Petz', 'title': 'Unknown'}]"
Retailisation,['enterprise software'],2009,Unknown,Unknown,10,Unknown,"[{'name': 'Jasper Zeelenberg', 'title': 'Unknown'}]"
CoolBricks,"['real estate', 'energy']",2023,Unknown,Unknown,3,Unknown,[]
TEAmwork tea,['food'],2018,Unknown,Unknown,3,bootstrapped,"[{'name': 'Jeroen Wiggers', 'title': 'Founder'}, {'name': 'Sebastiaan Beltman', 'title': 'Founder'}, {'name': 'Claartje Schröder', 'title': 'Unknown'}]"
Lockpoints,"['semiconductors', 'travel']",2019,Unknown,Unknown,1,bootstrapped,"[{'name': 'Marjolein Lubbers', 'title': 'CEO'}]"
Bord en Stift,['media'],2012,Unknown,Unknown,25,bootstrapped,"[{'name': 'Laura Curtis', 'title': 'Founder'}, {'name': 'Liselotte Stolk', 'title': 'Founder'}, {'name': 'Charlotte van Leeuwen', 'title': 'Former'}]"
Maison365,['fashion'],2016,$440—660k,Unknown,27,venture capital,"[{'name': 'Maarten Valk', 'title': 'Co-Founder'}, {'name': 'Ellen Snijder', 'title': 'Co-Founder'}, {'name': 'Danie Bles', 'title': 'Former'}]"
Mister Kitchen,['food'],2006,Unknown,Unknown,7,bootstrapped,"[{'name': 'Daan Faber', 'title': 'Unknown'}]"
Greensoter,['energy'],2015,Unknown,Unknown,1,Unknown,[]
Welbo Robots,['robotics'],2016,Unknown,Unknown,6,Unknown,[]
Bookchoice,"['media', 'education']",2014,Unknown,Unknown,18,Unknown,[]
Max&Bien,['food'],2018,Unknown,Unknown,3,bootstrapped,"[{'name': 'Maxine Agyeman', 'title': 'Founder'}, {'name': 'Jobien Groen', 'title': 'Founder'}]"
Seuss+,['health'],2012,Unknown,Unknown,29,bootstrapped,"[{'name': 'Marieke Meulemans', 'title': 'CEO& Founder'}, {'name': 'Eline Antonissen', 'title': 'CEO& Founder'}, {'name': 'Chiel Muurling', 'title': 'Unknown'}, {'name': 'Kieran Canisius', 'title': 'Co-Founder'}, {'name': 'Sabine Hutchison', 'title': 'Co-Founder'}]"
Slide Score,['health'],2018,Unknown,Unknown,1,bootstrapped,"[{'name': 'Jan Hudecek', 'title': 'Unknown'}]"
123dressme,['fashion'],2010,Unknown,Unknown,2,bootstrapped,"[{'name': 'Steven Dow', 'title': 'Unknown'}, {'name': 'Cristina Stoian', 'title': 'Unknown'}, {'name': 'Cristina Stoian', 'title': 'Former Co-Founder and Member of SAB'}]"
Livelap,['media'],2014,Unknown,Unknown,1,bootstrapped,"[{'name': 'Mark Wouters', 'title': 'Founder'}, {'name': 'Mark Wouters', 'title': 'Founder'}, {'name': 'Kjell van Milaan', 'title': 'Former Product Manager'}]"
Sea Going Green,"['travel', 'energy']",2017,Unknown,Unknown,7,bootstrapped,"[{'name': 'Nadina Galle', 'title': 'Co-Founder'}, {'name': 'Aleksandra (Ally) Dragozet', 'title': 'Co-Founder'}, {'name': 'Aleksandra Dragozet', 'title': 'Strategic Advisor'}]"
Open Risk,['fintech'],2013,Unknown,Unknown,2,venture capital,"[{'name': 'Philippos Papadopoulos', 'title': 'Director& Founder'}]"
Emplysight,Unknown,2017,Unknown,Unknown,1,Unknown,"[{'name': 'Motassim el Bakali', 'title': 'Unknown'}]"
Hotelforex,['travel'],2017,Unknown,Unknown,4,bootstrapped,"[{'name': 'Melih Bas', 'title': 'Managing Director& Founder'}, {'name': 'Eklimya Bilgin', 'title': 'Managing Director& Founder'}, {'name': 'Melih Bas', 'title': 'Product Manager'}]"
The Good Plastic Company,['home living'],2018,Unknown,Unknown,22,Unknown,"[{'name': 'Nickolay Tsybulyanko', 'title': 'Co-Founder'}, {'name': 'William Chizhovsky', 'title': 'Co-Founder'}, {'name': 'Igor Svetlikov', 'title': 'CEO& Founder'}, {'name': 'Alexander Radchenko', 'title': 'CEO& Founder'}, {'name': 'Viktoriia Siedova', 'title': 'Consultant'}, {'name': 'Nick Petrychenko', 'title': 'PM'}]"
Cultcha Kombucha,['food'],2015,Unknown,Unknown,1,bootstrapped,"[{'name': 'Kelly Fagan', 'title': 'Founder'}, {'name': 'Kelly Fagan', 'title': 'Founder'}]"
Ideedock,"['telecom', 'enterprise software']",2011,$520—780k,['$130k'],2,venture capital,"[{'name': 'Pepijn de Visscher', 'title': 'Former Founder'}, {'name': 'Werner Vogels', 'title': 'Former Founder'}, {'name': 'Bas van Steen', 'title': 'Unknown'}, {'name': 'Hugo Noorlander', 'title': 'Advisor'}, {'name': 'Jonas Matser', 'title': 'Advisor'}, {'name': 'Willem Gosselt', 'title': 'Advisor'}]"
Basic Water Needs,"['health', 'energy']",2013,Unknown,Unknown,6,bootstrapped,"[{'name': 'Rutger Hofste', 'title': 'CEO& Founder'}, {'name': 'Dries de Kater', 'title': 'CEO& Founder'}]"
WeMakeVR,['media'],2013,Unknown,Unknown,5,bootstrapped,"[{'name': 'Avinash Changa', 'title': 'CEO'}]"
Māsa Organic,['fashion'],2017,Unknown,Unknown,2,bootstrapped,"[{'name': 'Madara Pērkone', 'title': 'Founder'}, {'name': 'Madara Perkone', 'title': 'Founder'}]"
Checklist.com,['enterprise software'],2012,Unknown,Unknown,4,Unknown,"[{'name': 'Assaf Nehoray', 'title': 'Unknown'}]"
Iamb&b,"['travel', 'real estate']",2014,Unknown,Unknown,3,bootstrapped,"[{'name': 'Jorg van der Ham', 'title': 'Web Developer'}, {'name': 'Jorg van der Ham', 'title': 'Web Developer'}, {'name': 'Saskia Verstege', 'title': 'Unknown'}, {'name': 'Dirk Minnebo', 'title': 'Co-Founder'}, {'name': 'Dirk Minnebo', 'title': 'Co-Founder'}, {'name': 'Antoine Dumas-Martin', 'title': 'Unknown'}]"
ImmoWise,['real estate'],2016,Unknown,Unknown,2,Unknown,"[{'name': 'Jalal Mazneh', 'title': 'Co-Founder'}, {'name': 'Marije Veen', 'title': 'Co-Founder'}]"
TimeChimp,['legal'],2015,Unknown,Unknown,25,bootstrapped,"[{'name': 'Wouter Baltus', 'title': 'Co-Founder'}, {'name': 'Hidde Ottens', 'title': 'Co-Founder'}, {'name': 'Fred Al', 'title': 'Co-Founder'}]"
Songvice,"['music', 'education', 'music']",2014,Unknown,Unknown,2,venture capital,"[{'name': 'Tiago Martins', 'title': 'CTO& Co-Founder'}, {'name': 'Pedro Silva', 'title': 'CTO& Co-Founder'}, {'name': 'Luís Dias', 'title': 'CEO'}, {'name': 'Barney Graman', 'title': 'Co-founder & Content Director'}, {'name': 'Henrique Caiano', 'title': 'Co-founder & Content Director'}]"
OSRE WoningDossier,['real estate'],2012,Unknown,Unknown,25,bootstrapped,"[{'name': 'Robbert Buijs', 'title': 'Board Member'}]"
LEADR,"['marketing', 'enterprise software']",2016,$400—600k,['$100k'],1,venture capital,"[{'name': 'Edwin de Jonge', 'title': 'CEO'}]"
Boostz,"['education', 'event tech']",2013,Unknown,Unknown,5,bootstrapped,"[{'name': 'Annette Wassenaar', 'title': 'Director& Co-Founder'}]"
Biro,['transportation'],2013,Unknown,Unknown,6,Unknown,"[{'name': 'Maarten Graven', 'title': 'Co-Founder& CCO'}, {'name': 'Pieter Vermeer', 'title': 'Co-Founder& CCO'}]"
Gong Network,['media'],2009,Unknown,Unknown,3,venture capital,"[{'name': 'Arthur Vlug', 'title': 'Co-Founder& Senior Software Engineer'}]"
insolitAmsterdam,"['travel', 'event tech', 'travel']",2015,Unknown,Unknown,2,Unknown,"[{'name': 'Valentina Vinci', 'title': 'Project Manager'}]"
Mobypicture,['event tech'],2007,Unknown,Unknown,2,Unknown,"[{'name': 'Mike Van Rossum', 'title': 'Founder'}, {'name': 'Rogier van Duyn', 'title': 'Founder'}, {'name': 'Timan Rebel', 'title': 'Former Software Developer'}, {'name': 'Ronald Treur', 'title': 'CEO& Founder'}, {'name': 'Mathys van Abbe', 'title': 'CEO& Founder'}, {'name': 'Werner Vogels', 'title': 'Former'}, {'name': 'Glenn Wolters', 'title': 'Co-Founder'}, {'name': 'Daan van der', 'title': 'Co-Founder'}]"
Huispedia,['real estate'],2018,Unknown,Unknown,10,bootstrapped,"[{'name': 'Maxim Bours', 'title': 'CEO& Founder'}, {'name': 'Ramon Noordeloos', 'title': 'CEO& Founder'}]"
Simulacra,"['gaming', 'media']",2011,Unknown,Unknown,1,Unknown,[]
Nappkin,"['fintech', 'food']",2014,Unknown,Unknown,1,Unknown,"[{'name': 'Peter Bosman', 'title': 'Co-owner'}]"
COOLBACK,['energy'],2011,Unknown,Unknown,2,bootstrapped,"[{'name': 'Simon D Meijer', 'title': 'CEO'}]"
Suppleye,['fintech'],2014,Unknown,Unknown,3,Unknown,"[{'name': 'Jorrit Schaap', 'title': 'Founder'}, {'name': 'Bas Bergman', 'title': 'Founder'}, {'name': 'Frodo Watjer', 'title': 'CEO'}]"
Bolt Mobile,['telecom'],2018,Unknown,Unknown,1,bootstrapped,"[{'name': 'Lindon (Phillip) Ross', 'title': 'CEO& Co-Founder'}]"
Seal,['fashion'],2017,Unknown,Unknown,2,Unknown,"[{'name': 'Desley Mooij', 'title': 'Co-Founder'}, {'name': 'Joris Verschoor', 'title': 'Co-Founder'}]"
Sightlabs,['security'],2018,Unknown,Unknown,5,Unknown,"[{'name': 'Dimitri Hehanussa', 'title': 'Founder'}]"
ClaimShare,['legal'],2017,Unknown,Unknown,3,Unknown,"[{'name': 'Han Beekhuizen', 'title': 'Co-Founder and CLO'}, {'name': 'Dirk-Jan van den Broek', 'title': 'Co-Founder and CLO'}]"
Dyne.org,['legal'],1999,Unknown,Unknown,15,bootstrapped,"[{'name': ""Andrea D'Intino"", 'title': 'Co-Founder& Sales'}, {'name': ""Alex D'Elia (acme)"", 'title': 'Co-Founder& Sales'}, {'name': 'Denis Roio', 'title': 'Sales & Marketing& Sales'}]"
Consultants 500,['jobs recruitment'],2016,Unknown,Unknown,1,Unknown,"[{'name': 'Rufus Franck', 'title': 'Owner'}]"
Briiing.it,"['energy', 'transportation']",2016,Unknown,Unknown,1,Unknown,"[{'name': 'Iris Van De Graaf', 'title': 'Co-Founder'}]"
Online Flex,Unknown,Unknown,Unknown,Unknown,Unknown,Unknown,[]
The App Academy,Unknown,Unknown,Unknown,Unknown,Unknown,Unknown,[]
