Name,Title,Company Name,Gender
Neeli Rashmi Prasad,CTO& Founder,SmartAvatar,female
Neeli Prasad,CTO& Founder,SmartAvatar,female
Arjen-Pieter Troost,Founder,Reef Base,
Begad Adel,CEO& Co-Founder,Vamp Up,male
Begad,CEO& Co-Founder,Vamp Up,female
Nikolas Dimitroulakis,Co-Founder,ApyHub,male
Samuel Kaluvuri,Co-Founder,ApyHub,male
Sukhbir S. Jasuja,Unknown,ApyHub,male
Jo-Ann Dietz,Co-Founder,Cycle Care,female
Annemieke Jordans,Co-Founder,Cycle Care,female
Timothée Manschot,Founder,NoWatch,male
Hylke Muntinga,Founder,NoWatch,male
Michiel Koning,Board Member,NoWatch,male
Chris van Voorden,CEO& Founder,NoWatch,male
Chris Van Voorden,CEO& Founder,NoWatch,male
"Vitalii Vorkov, PhD",CTO& Co-Founder,RespiQ,male
Mira Gleisberg,CTO& Co-Founder,RespiQ,female
Philip Siberg,Unknown,RespiQ,male
Ryan Janecek,Co-Founder& COO,Sunrise AI,male
Ruben,Co-Founder& COO,Sunrise AI,female
Andrés O,CEO& Founder,Sunrise AI,male
Ernst Elhorst,CEO& Co-Founder,SuperSeton,male
Willem Nerkens,CEO& Co-Founder,SuperSeton,male
Paul de Kuyper,CEO& Founder,Gigstarter,male
Erik De Kuyper,CEO& Founder,Gigstarter,male
Mark Teisman,CEO,Gigstarter,male
Tom van der Velpen,Co-Founder& Business Development Manager,Gigstarter,male
Mark Teisman,Co-Founder& Business Development Manager,Gigstarter,male
Wouter Ruoff,Non Executive Director,Gigstarter,male
Julio Pijnappel,CTO,Gigstarter,male
Paul de Kuyper,CTO,Gigstarter,male
Michael Overzier,Co-Founder,MakaMatch,male
Dylan Alling,Co-Founder,MakaMatch,male
Perry Borst,Unknown,MakaMatch,male
Jasper Kuipers,Unknown,MakaMatch,male
Danielle Charles-Mackowski,Former Co-Founder& COO,MakaMatch,female
Martijn van Hoek,Co-Founder,Smart.pr,male
Tim Molendijk,Co-Founder,Smart.pr,male
Stef Gallé,Partner,Smart.pr,male
Aquiles Carattino,Unknown,Uetke,male
Sergei Denisuk,Co-Founder,Cårporate,male
Roman Sokolov,Co-Founder,Cårporate,male
Sascha Glasl,Director& Co-Founder,Space&Matter,male
Linda Hogeweg,Director& Co-Founder,Space&Matter,female
Gregory Miller,Board Member& CEO,Securify,male
Cengiz Sahin,Board Member& CEO,Securify,male
Buck French,Co-Founder & Chief Development Officer,Securify,male
David Vaartjes,CEO& Founder,Securify,male
David B. Mullin,CEO& Founder,Securify,male
David Vaartjes,Co-Founder& Owner,Securify,male
Vidar Daniels,Co-Founder,Meshed,male
Vidar Daniels,Co-Founder,Meshed,male
Stephanie Zuure,Unknown,Meshed,female
Hans Smits,Unknown,Etopia,male
Roderick Reichenbach,Co-Founder,Taxi Electric,male
Lodewijk Kalden,Co-Founder,Semmie,male
Lodewijk Kalden,Co-Founder,Semmie,male
Sem Jr van Berkel,CPO& Co-Founder,Semmie,male
Jerre Baumeister,Unknown,TweetFavy,male
Hervé François,Board Member,Pyctor,male
Nicolas Caille,Board Member,Pyctor,male
Antoine Girard,Partner,Pyctor,male
Antoine Girard,Co-Founder& COO,Pyctor,male
Petar Panayotov,Co-Founder& COO,Pyctor,male
Nicolas Caille,Co-Founder,Pyctor,male
Erik van der Meulen,Co-Founder,Next2Company,male
Mark Vavier,Co-Founder,Next2Company,male
Jan R. Smit,Co-Founder,Next2Company,male
Floris de Laat,Founder,Mr.Berry's,male
Marcel Stroop,Business Development,Liefling,male
Mark Austen,Owner,Local Makers,male
Gabi Potsa,Owner,Local Makers,female
Lisa Klaver,Unknown,Local Makers,female
Mark Austen,Product Developer,Local Makers,male
Johan Jongkind,Director,The Amsterdam VR Company,male
Henk Cann,Founder,Lucius Digital,male
Joris Snoek,Founder,Lucius Digital,male
Kevin Westermeijer,Co-Founder,LegalMatters,male
Piet-Hein Boekel,Co-Founder,LegalMatters,male
Piet-Hein Boekel,Co-Founder,LegalMatters,male
Albert Oegema,Co-Founder,LegalMatters,male
Sjoerd Heijmans,Founder,TheNextSoftware,male
Geert Leijen,Founder,TheNextSoftware,male
Jan Cees van Senden,CTO& Co-Founder,Equip,male
Toon Peek,CTO& Co-Founder,Equip,male
Jons Janssens,Unknown,Equip,male
Sushil Krishna,Head of Marketing & Growth& Founder,Growack,male
Tim van der Vooren,CEO,Leasemore.nl,male
Tim van der Vooren,CEO,Leasemore.nl,male
James Scott,CTO& Founder,Affic,male
Patrick Nijssen,CTO& Founder,Affic,male
Joeri de Wit,Managing Director& Co-Founder,Airchip,male
Daniel van Drunen,Managing Director& Co-Founder,Airchip,male
Joeri de Wit,CEO& Founder,Airchip,male
Seffie Treistman,CEO,Clinck,female
Ilja Bakx,CEO,Clinck,male
Diede Broers,Director& Co-Founder,Live Life Platform,female
Robert Schaeffer,Director& Co-Founder,Live Life Platform,male
Fabian Hoegee,CEO& Founder,RocketX,male
Adine Tjeenk Willink,CEO& Founder,RocketX,female
Angrick Capriles Torres,Co-Founder,RocketX,female
Justin Swart,Co-Founder,RocketX,male
Justin Swart,Co-Founder,RocketX,male
Tim Goedhart,Investor,RocketX,male
Rob Rasing,Unknown,RocketX,male
Kaan Anit,Unknown,RocketX,male
Beer Zandt,Former CEO& Founder,RocketX,male
Andre Smits,Co-Founder,RocketX,male
Vincenzo Romanucci,Co-Founder,RocketX,male
Simon Demarmels,Unknown,RocketX,male
Menno de Graaf,Co-Founder,RocketX,male
Martijn de Reeper,Co-Founder,RocketX,male
Victor Lubbers,Unknown,RocketX,male
Koen,Co-Founder,RocketX,female
Florentine,Co-Founder,RocketX,female
Serap Ipek,Unknown,RocketX,female
Chérie,Founder,RocketX,female
Maxime van Zanden,Founder,RocketX,male
Renske Smits,COO& CCO,RocketX,female
Rudolf Maas Geesteranus,Co-Founder,RocketX,male
Rob Rasing,Co-Founder,RocketX,male
Victor Lubbers,Former CEO& Co-Founder,RocketX,male
Dylan van Wonderen,Founder,RocketX,male
Arthur Arzumanyan,Former,Healsens,male
Rutger Geelen,Co-Founder,SchedJoules,male
Bo Wesdorp,Co-Founder,SchedJoules,male
Wilfred Stegeman,Mentor,SchedJoules,male
Wesley Weerdenburg.,Managing Director,Glass Shop Wall,male
Wesley Weerdenburg,Managing Director,Glass Shop Wall,male
Tom van Sprundel,Former IT Consultant,Glass Shop Wall,male
Finn McClain,Vice President Global Sales& General Manager Benelux,Cyber Alpha Security B.V.,male
Luuk Figdor,Founder,youai,male
Sarah Parinussa,Founder,youai,female
Stefan van Eijk,Senior Data Scientist,youai,male
Robey de Jong,Co-Founder,youai,male
Bas Verheij,Co-Founder,youai,female
Juan Carlos Zuloaga Ramirez,Co-owner,Amsterdo,male
Simon Wakeman,Marketing& PR,Map My Tracks,male
Nick Tatt,Marketing& PR,Map My Tracks,male
Witold Rosendaal,Former Director& Founder,Copernica,male
Dennis De Koning,Former Director& Founder,Copernica,male
Michael Linthorst,Unknown,Copernica,male
Vincent Thamm,Co-Founder,Copernica,male
Paul Stam,Co-Founder,Copernica,male
Krystan Huberts,Unknown,Copernica,female
Alcuin van Zijl,CEO& Co-Founder,Copernica,male
Emiel Bruijntjes,CEO& Co-Founder,Copernica,male
Michael Gomez Varela,Former,WhatsThePlan,male
Robert Hoesel,CEO& Co-Founder,Woodify,male
Peter Ruys,Unknown,Hypotheek24.nl,male
Rogier Visser,Founder,Roundabout Social Marketing,male
Tim Heineke,CEO& Founder,Shuffler.fm,male
David Strauss,CEO& Founder,Shuffler.fm,male
Diederik Martens,Co-Founder,Shuffler.fm,male
Marcel corso,Co-Founder,Shuffler.fm,male
Guido Schilperoort,Unknown,GETSCOPE,male
Guido Schilperoort,Unknown,GETSCOPE,male
Martijn Lindeman,CEO& Founder,BestHotelOffers,male
Patrique van der Valk,CEO& Founder,BestHotelOffers,male
Jesse Eisses,CTO& Co-Founder,MyAdbooker,male
Jochem Verheul,CTO& Co-Founder,MyAdbooker,male
Bart op het Veld,Lead Programmer,MyAdbooker,male
Stephanne Klatte,Former Co-Founder,MyAdbooker,female
Sten Ouderdorp,Former Co-Founder,MyAdbooker,male
Radjen van Wilsem,Unknown,MyAdbooker,male
Sebastian Op het Veld,COO,MyAdbooker,male
Diederick Zwijnen,Co-Founder,Moongro,male
Rob Gent,Co-Founder,Moongro,male
Mitch Voskuilen,Former Co-Founder,Moongro,male
Tjadi Jesse Peeters,CEO& Co-Founder,Moongro,
Robin Friend,CEO& Co-Founder,Moongro,male
Duco Vermeulen,Former Sales Executive,Moongro,male
Adriaan Kolff,CEO& Founder,Moongro,male
Ernst Van Niekerk,CEO& Founder,Moongro,male
Martijn Wijsmuller,Former,Moongro,male
Florian van Schreven,Founder,Moongro,male
Dorit Roest,Founder,Moongro,female
Oscar Bieleveld,Unknown,Moongro,male
Joost Aanen,COO& Founder,Moongro,male
Rob Korbijn,CEO,Revenue.ai,male
Gijs Sickenga,Co-Founder,Little Chicken Game Company,male
Dominic De Graaf,Co-Founder,Little Chicken Game Company,male
Senne de Jong,Unknown,Little Chicken Game Company,male
Julius Heyning,Founder,Gekko,male
Joris Docter,Founder,Gekko,male
Vlad Lep,CCO,Gekko,male
Chema Valle Rodríguez,Co-Founder,Gekko,male
Julius,Co-Founder,Gekko,female
Joris Docter,Unknown,Gekko,male
Tijs Teulings,Co-Founder,Gekko,male
Roger Teuwsen,Director,Zylos,male
Adam Jaffe,Unknown,CoolGames,male
Luciano Nooijen,Unknown,CoolGames,male
Ard Kortenoeven,Unknown,CoolGames,male
Laurens Rutten,Founder,CoolGames,male
Massimo Guerrato,Founder,CoolGames,male
Mark Bivens,Unknown,CoolGames,male
Mathijs Seegers,Co-Founder,CoolGames,male
Timm Geyer,Co-Founder,CoolGames,male
Matías Rodsevich,Former,CoolGames,male
Özgen Güngör,CEO& Founder,CoolGames,male
Kent de Bruin,Former Co-Founder,Noticesound,male
Aelwyn Hettinga,CEO& Co-Founder,H2 Hydrogenic,male
Aelwyn Hettinga,CEO& Co-Founder,H2 Hydrogenic,male
Lardy van der Pal,Co-Founder& Business Development,Lucis Lamp,male
Chiho Liu,Founder,CloseAlert,female
Alvin Vogelzang,Founder,CloseAlert,male
Rick Hermans,Unknown,CloseAlert,male
Yori Högemann,Co-Founder,CloseAlert,male
Marius Kirschke,Co-Founder,CloseAlert,male
Anouk Visser,Unknown,CloseAlert,female
Ruben Zantingh-Božić,Co-Founder,CloseAlert,male
Joost de Vries,Co-Founder,CloseAlert,male
Yori Hogemann,Founder,CloseAlert,male
Rick Hermans,Co-Founder,CloseAlert,male
Ralph De Geus,Founder,Yanomo,male
Juul Manders,Founder,Yanomo,female
Joost Schouten,Founder,Yanomo,male
Jacob van Duijn,Founder,Yanomo,male
Juul Manders,Founder,Yanomo,female
Ralph de Geus,CEO& Founder,Yanomo,male
Pepijn Niesten,Founder,Booka Rentals,male
Juul Steyn,Founder,Booka Rentals,female
Pepijn Niesten,Unknown,Booka Rentals,male
Joshua Schoenaker,Co-Founder,Klets,male
Egbert Teeselink,Co-Founder,Klets,male
Joris Knulst,Co-Founder,Flipbase,male
Bram Tierie,Co-Founder,Flipbase,male
Ron X Jansen,Former,Flipbase,male
Joram van den Boezem,CTO& Co-Founder,Exivity,male
Tim Rab,CTO& Co-Founder,Exivity,male
Eddy D.,Former Web Developer,Exivity,male
Paul Maddock,Unknown,DAWQ,male
Gijs Craenmehr,Investor,Gymeyes,male
Mitchell Warmerdam,Investor,Gymeyes,male
Roderick Esch,Co-Founder,Fundrbird,male
Tomasz Ozga,Co-Founder,Fundrbird,male
Bram van Esch,Co-Founder& COO,Fundrbird,male
Roderick van Esch,Co-Founder& COO,Fundrbird,male
Joris Sartorius,CEO,Green Mini host,male
Marco Alvera',Co-Founder,Zhero,male
Danny Burns,CTO& Founder,Utelysis,male
Hans Bodewus,CTO& Founder,Utelysis,male
Pieter Herpen,Founder,Icecat,male
Pieter van Herpen,Founder,Icecat,male
Felix Schroder,Founder,Icecat,male
Sergey Shvets,Founder,Icecat,male
Koen Looijmans,Founder,Icecat,male
Martijn J. Hoogeveen PhD,Investor,Icecat,male
Alexey,Founder,Icecat,female
Martijn J. Hoogeveen,Founder,Icecat,male
EMRE TAN ALTINOK,Unknown,Icecat,male
Martijn J. Hoogeveen,Founder,Icecat,male
Alexander Keehnen,Co-Founder,Tinker,male
Tom Patterson,Co-Founder,Tinker,male
Jelle Herold,Unknown,Tinker,male
Kavish Badal,CTO& Co-Founder,Tinker,male
Pieter Duijs,CTO& Co-Founder,Tinker,male
Tatyana Kuva,Advisor,Tinker,female
Rajesh Chandran,CEO,Tinker,male
Luke Braud,CEO,Tinker,male
Jeroen Malotaux,Co-Founder,Pabbl,male
Bas Gerritsen,Co-Founder,Pabbl,female
Tiambi R Simms,Unknown,Shefarms,
Koen de Wit,Unknown,Shefarms,male
Shabnam Solati,CEO& Co-Founder,Mat Biotech,female
Huub Wart,CTO& Co-Founder,Lender & Spender,male
Robert Leclercq,CTO& Co-Founder,Lender & Spender,male
Lino Hendriks,Former Web Developer,Lender & Spender,male
Gino Soeriowardojo,CEO& Co-Founder,Lender & Spender,male
Frank Evers,Co-Founder& President,Cineville,male
Thomas Hosman,Co-Founder& President,Cineville,male
Ferdi Klomp,Board Member& Investor,Cineville,male
Robert Slijk,Founder,RemIQz Football,male
Robert Slijk,Founder,RemIQz Football,male
Pieter Nieuwenhuis,Former Director& Founder,RemIQz Football,male
Justin Swart,Co-Founder,MYPUP - My Pick Up Point,male
Dennis Berg,Co-Founder,MYPUP - My Pick Up Point,male
Luke Van Der Wardt,Unknown,MYPUP - My Pick Up Point,male
Martijn Van Schaveren,CTO& Co-Founder,MYPUP - My Pick Up Point,male
Luke van der Wardt,CTO& Co-Founder,MYPUP - My Pick Up Point,male
Zowie Langdon,Head of Technology& Founder,Freundlich,female
Roy Snoeijink,Head of Technology& Founder,Freundlich,male
Emiel de Sevren Jacquet,Former CTO& Founder,Freundlich,male
Florian Chilla,Associate& Investment Manager,HelloTrip,male
Chris Durban,Associate& Investment Manager,HelloTrip,male
Saeed Younesi,Board Observer,HelloTrip,male
Steven de Boer,CEO,ICEPAY,male
Derck Mekkering,CEO,ICEPAY,male
Niels Weterings,CEO,Excel Easy,male
Moriam H.,Unknown,Orangevine,female
Mark Wexler,Board Member& Founder,Dignita,male
Henri de Jong,CEO& Founder,Zonnefabriek,male
Sjoerd Schouten,CEO& Founder,Zonnefabriek,male
Babette Waaijer,Unknown,Join the Pipe,female
Fleur Ditzel - Runhardt,Founder,House of Treats,female
Remco Mostertman,Unknown,HRcommunity,male
Justine Zoest,Co-Founder,Studio Fabrick,female
sanne andrée wiltens,Co-Founder,Studio Fabrick,female
Jesse Dijksman,Unknown,Lukida Science,male
Bas Hertz,Founder,WePrevent,female
Willem Tacken,Founder,WePrevent,male
Michiel Hertz,CEO,WePrevent,male
Jan Willem Gerritsen,CCO& Chief Commercial Officer (CCO),WePrevent,male
Kishan Chamman,Founder,Sally,male
Wesley Botman,Founder,Sally,male
Luuk van Rens,Owner,Luvare,male
Ata Farzamnia,Co-Founder,Like Fridays,male
Jelle Feenstra,Business Development Director - Co-founder,Easyswitch,male
Frederik van der Veen,Business Development Director - Co-founder,Easyswitch,male
Omer Khan,Robin Travels& Living World Wild,Living Amsterdam,male
Marcin Pyla,Founder,Respectance,male
Ilana Fried,Founder,Respectance,female
Jacques Wilt,Former CTO,Respectance,male
Todd Wilkinson,Founder,Respectance,male
Richard Derks,Founder,Respectance,male
Hans Koning,Unknown,Respectance,male
Richard Derks,CEO& Founder,Respectance,male
Pieter Paul Groot,Founder,Vicky,male
Chiel Van Lieshout,Founder,Vicky,male
Steven Kesler,Founder,Vicky,male
Marcel Van Rossum,Founder,Vicky,male
Jan Verkooijen,Director& Co-Founder,Compagnon,male
Frank Roders,Director& Co-Founder,Compagnon,male
Bob Prince,Director& Founder,Compagnon,male
Judith Webber,CEO& Founder,Compagnon,female
Bart Koornstra,Founder,Recommendr,male
Imme Bertens,Founder,Recommendr,female
Diaz de Barbanson,Former,Recommendr,male
Bart Koornstra,Co-Founder,Recommendr,male
Bart Koornstra,Co-Founder,Recommendr,male
Carlijn Offergelt,Unknown,Brand Your Party,female
Steven Blom,Co-Founder,WOVOX,male
Mundo Resink,Co-Founder,WOVOX,male
Michel Kobus,Co-Founder,WOVOX,male
Josh Diaz,Co-Founder,WOVOX,male
Laura Hoogland,Founder,Magioni,female
Manon Van Essen,Founder,Magioni,female
Niels Voorn,CEO,Dronevlieger.nl,male
Bauke Freiburg,CTO& Founder,Videodock,male
Bastiaan Niamut,CTO& Founder,Videodock,male
Willem Daems,Managing Director& Owner,Videodock,male
Ron van der Sterren,Technical Director& Founder,Videodock,male
Nick van Ginkel,Technical Director& Founder,Videodock,male
Mike Sarlemijn,Co-Founder,PropTech Academy,male
Sabine Schoorl,Co-Founder,PropTech Academy,female
Folkert Roscam Abbing,Co-Founder,Voltogo,male
Job Veltman,Co-Founder,Voltogo,male
sylvie chevillon,Chief Marketing Officer,Pick N Dazzle,female
Pavlina Marinova,Chief Marketing Officer,Pick N Dazzle,female
Pier Stein,Founder,MadeFor.,male
Agnese,Founder,MadeFor.,female
Khaled Ibrahimi,Managing Director& Co-Founder,Skill Nation,male
Khaled Ibrahimi,Managing Director& Co-Founder,Skill Nation,male
Wimer Hazenberg,Founder,Monokai,male
Wimer Hazenberg,Founder,Monokai,male
Wimer Hazenberg,Founder,Monokai,male
Jan Willem Bosman Jansen,Unknown,GRO Together,male
Dennis Korijn,Founder,MedicPlanner,male
"Hans Flu, MD, PhD",Founder,MedicPlanner,male
Hans Flu,Former,MedicPlanner,male
Tessie Vilée,Director& Founder,Energiesprong,female
Jasper Munckhof,Director& Founder,Energiesprong,male
Ron Erck,Former CEO& Founder,Energiesprong,male
Hossein Kazemi,Co-Founder,United Academics,male
Marco Giannone,Co-Founder,United Academics,male
Hossein Kazemi,Co-Founder,United Academics,male
Marelle Beerschoten,Founder,United Academics,female
Marco Wijnakker,Founder,United Academics,male
Louis Lapidaire,Former CEO& Co-Founder,United Academics,male
Kshitij Ahuja,Founder,Scholastico,male
Warren Apel,Founder,Scholastico,male
Janne Kyttanen,Co-Founder,Pixsweet,female
Carrie Howe,Co-Founder,Pixsweet,female
David Robustelli,Director& Founder,Twibfy,male
Simon van Cleeff,Director& Founder,Twibfy,male
David Robustelli,Creative Director& Founder,Twibfy,male
Matteo Pascale,Founder,Twibfy,male
Rodny Heemskerk,Founder,TWO-O,male
Mahmoud El-Rashidi,Founder,TWO-O,male
Bob Koning,Managing Director& Co-Founder,TWO-O,male
Bianca Lee,CEO& Founder,Chaud Devant Chefwear,female
Marit Heemskerk,Partner,WIEWATHAAR,female
Rotem Rubnov,Founder,100grams,female
Julius Heyning,Founder,Lukida,male
Bas Grasmayer,Founder,Lukida,female
Jesse Dijksman,CCO,Lukida,male
Erik van Luxzenburg,Founder,Lukida,male
Anton Verkooijen,Co-Founder,soofos,male
Niels van der Hoeven,Co-Founder,Studify,male
Quinten Kemp | 柯昂,Managing Director& Co-Founder,NextportChina,male
Thijs van der Toom,Managing Director& Co-Founder,NextportChina,male
Josuel Trainer,Unknown,1nspiring Company,male
Richard Reese,Unknown,1nspiring Company,male
Bart Jenezon,Unknown,1nspiring Company,male
Morad Issaouti,Former Co-Founder,Ksyos,male
Leonard Witkamp,Former Co-Founder,Ksyos,male
Gijs Ter Kuile,Former,Ksyos,male
Jonathan Araujo,Former Consultant,Ida,male
Timo de Winter,Former Consultant,Ida,male
Sicco Pier van Gosliga,Former Engineer& Senior,Ida,male
Iskander Giniyatullin,Front End Developer& UI Designer,Ida,male
Yasir Khokhar,Front End Developer& UI Designer,Ida,male
Karen Beun,Co-Founder,VEMT,female
Jeroen Nas,Co-Founder,VEMT,male
Mieke Storms,Former Co-Founder,VEMT,female
Daniela Racheva,CEO,VEMT,female
Ben van der Laan,CEO,VEMT,male
John Trewhitt,Former,VEMT,male
Jeroen Nas,Marketing& Head of Sales,VEMT,male
Diderik Broos,Founder,Informizely,male
Diderik Broos,Founder,Informizely,male
Jeroen Vroemen,Unknown,Foodimus B.V.,male
Jeroen Vroemen,Unknown,Foodimus B.V.,male
Tim Vermeulen,Former Director,Foodimus B.V.,male
Isabella van de Graaff,Co-Founder,Art of simplicity,female
Melanie Pigeaud,Founder,Mélanie Pigeaud Jewelry,female
Mélanie Pigeaud,Founder,Mélanie Pigeaud Jewelry,female
Ruediger Theiselmann,CEO,Digitorney,male
Ruediger Theiselmann,CEO,Digitorney,male
Gaby Baaijens,Business Development Manager,Digitorney,female
Annette Wassenaar,Director& Co-Founder,Yellow Walnut,female
Adriaan van Loon,Director& Co-Founder,Yellow Walnut,male
Dick Verhaar,Managing Director,Omniplan,male
Kieran Canisius,CEO& Co-Founder,Zocket,male
Sabine Hutchison,CEO& Co-Founder,Zocket,female
Dale de Metz,Unknown,Zocket,male
Randy Vanenburg,CEO& Founder,Coinvert,male
Thomas van der Voort,CEO& Founder,Coinvert,male
Szilvia Boda,Owner,Bodabags Fashion,female
Szilvia Boda,Owner,Bodabags Fashion,female
Ilse Kerling,Unknown,Global Business Academy,female
Sabine van Egeraat,Unknown,Global Business Academy,female
Harm-Jan Hazelhorst,Co-Founder,Bio is Changed,male
Pieter Meijer,Co-Founder,Bio is Changed,male
Jack Hage,Former Software Engineer,Bio is Changed,male
Pieter Meijer,Co-Founder,Bio is Changed,male
Harm-Jan Hazelhorst,Co-Founder,Bio is Changed,male
Jack Hage,Unknown,Bio is Changed,male
Massimiliano Silenzi,CEO& Founder,koomalooma,male
Massimiliano Silenzi,CEO& Founder,koomalooma,male
Francesca Cappannini,Unknown,koomalooma,female
Leila Scheffers,Founder,Maya Gold Trading,female
Vincent Cieraad,Founder,Maya Gold Trading,male
Gezi Fu,Unknown,Ananas Club,male
Mirjam de Bruijn,Co-Founder,TWENTY products,female
Johan Adelaar,CEO,Hair to Go,male
johan adelaar,CEO,Hair to Go,male
Ieth Inolino,Co-Founder,Makers Unite,
Thami Schweichler,Co-Founder,Makers Unite,male
Hester Ezra,Unknown,Makers Unite,female
John van Rijck,CEO,All Crypto Whitepapers,male
Rens Bekkers,Unknown,Bright Kitchen,male
Richard Wolfe,Founder,Travelling Connect,male
Marcel Wientjen,Founder,Travelling Connect,male
Marcel Wientjen,Former Advisor,Travelling Connect,male
Sophie van Gool,Consultant,Moonshot Diversity & Inclusion,female
Johan Van Vulpen,CEO& Founder,QLIM,male
Johan van Vulpen,CEO& Founder,QLIM,male
Rogier Pieters,Unknown,Tweakers,male
Pascal Vink,Unknown,Tweakers,male
David Menting,Former Intern,Tweakers,male
Femme Taken,Co-Founder,Tweakers,female
Paul Koster,Co-Founder,Tweakers,male
Jurn Overmars,Lead Programmer,Tweakers,male
Sergios Charalampos,Co-Founder,IamExpat Media,male
Panos Sarlanis,Co-Founder,IamExpat Media,male
Panagiotis Dionysopoulos,Co-Founder,IamExpat Media,male
Nikos Nakos,Co-Founder,IamExpat Media,male
Charalampos Sergios,Former Intern,IamExpat Media,male
Tom Snepvangers,Co-Founder,FONK,male
Jasper Damman,Co-Founder,FONK,male
Jos Jong,Unknown,FONK,male
Dirk Schluter,Co-Founder,FONK,male
Pascal Boogaert,Co-Founder,FONK,male
Kanak Hirani Nautiyal,Co-Founder& Sales,KARIGAR,male
Sindhu Holla,Co-Founder& Sales,KARIGAR,female
Klaas van der Molen,Unknown,Fundo,male
Maikel Snijders,Founder,GUC Agency,male
Wessel van der Woude,Founder,GUC Agency,male
Brian Hirman,Founder,GUC Agency,male
Francisco Benthum,Founder,HACKED by__,male
Patrick O'Malley,Founder,Outsourcing Hub,male
Onno Karman,Founder,Outsourcing Hub,male
Henk Pater,Co-Founder,Outsourcing Hub,male
Patrick O'Malley,Founder,Outsourcing Hub,male
Onno Karman,Founder,Outsourcing Hub,male
Margot Moyaert,Founder,The Talent Institute,female
Daan Herbschleb,Founder,The Talent Institute,male
Beatriz Mota,Former Student Teaching Assistant,The Talent Institute,female
Annet Kloprogge,Co-Founder,The Talent Institute,female
Jeroen Tjepkema,Co-Founder,The Talent Institute,male
Zowik Abramov,Former Assistant,The Talent Institute,
Jo-Ann Dietz,Co-Founder,The Talent Institute,female
Derk van der Grijp,Co-Founder,The Talent Institute,male
Marlouk Van Es,Unknown,The Talent Institute,female
Joey Davelaar,Founder,The Talent Institute,male
Joey Davelaar,Founder,The Talent Institute,male
Richard Celm,Managing Director,The Talent Institute,male
Roderik Hageman,Director& Founder,The Talent Institute,male
Roderik Hageman,Director& Founder,The Talent Institute,male
Patrick Zeeuw,Unknown,The Talent Institute,male
Patrick de Zeeuw,Founder,The Talent Institute,male
Justin Swart,Founder,The Talent Institute,male
Kelly Rapmund,Founder,The Talent Institute,female
Lauren Robbins,Co-Founder,The Talent Institute,female
Kauan Von Novack,Co-Founder,The Talent Institute,male
Thomas Doornik,Former,The Talent Institute,male
Daniel van der Tuijn,Co-Founder,The Talent Institute,male
Simone Lentjes,Co-Founder,The Talent Institute,female
Mathieu Christianen,Mentor,The Talent Institute,male
Floor Kreijkes,Founder,The Talent Institute,female
Henri K.,Founder,MagicCaviar,male
Henri K,Founder,MagicCaviar,male
Ronald Dijk,Director& Founder,Ruler,male
Ivana Setiawan,CEO,Venopi,female
Arnold Breukhoven,Founder,Drimpy,male
Aayush Verma,Co-Founder,Control Space,male
Paulo Taylor,Co-Founder,Control Space,male
Maarten Graven,Co-Founder& CCO,Flamyngo,male
Lennart Huizing,Co-Founder,Thoughtcube,male
Ahmed Aarad,Co-Founder,Thoughtcube,male
Koosje Koene,Co-Founder& CCO,Sketchbook Skool,female
Danny Gregory,Co-Founder& CCO,Sketchbook Skool,male
Elena Khokhrina,Former Co-Founder,StrongYes,female
Sergio García Pérez,Co-Founder,Trendwatching.com,male
Cat Fraser,Co-Founder,Trendwatching.com,female
Gustavo Paiva,Professor,Trendwatching.com,male
Carmen R Telehoi,Founder,Trendwatching.com,female
Louise Zastrow,Founder,Trendwatching.com,female
Anton Björklund,Unknown,Trendwatching.com,male
Michell Zappa,CTO& Co-Founder,Trendwatching.com,female
Anton Björklund,CTO& Co-Founder,Trendwatching.com,male
Henry Coutinho-Mason,Former,Trendwatching.com,male
Xander Van Baarsen,Founder,Trendwatching.com,male
Alice Revel,Founder,Trendwatching.com,female
Lisa Feierstein,Unknown,Trendwatching.com,female
Acacia Leroy,Founder,Trendwatching.com,female
David Mattin,Founder,Trendwatching.com,male
Victoria Loomes,Unknown,Trendwatching.com,female
Maxwell Luthy,Co-Founder,Trendwatching.com,male
Reinier Evers,Co-Founder,Trendwatching.com,male
Henry Mason,Product Manager,Trendwatching.com,male
Matthijs van Waveren,Unknown,Trendwatching.com,male
Hans Dijksman,Co-Founder,Study2Go,male
Carina,Managing Director,CACHICCI B.V.,female
Robin Friend,COO& Founder,True Legends IT Professionals,male
Jasper Floor,COO& Founder,True Legends IT Professionals,male
Adriaan Kolff,Former Director& Founder,True Legends IT Professionals,male
Nanning Jacobs,Co-Founder,True Legends IT Professionals,male
Willem Bosch,Co-Founder,True Legends IT Professionals,male
Emile Bezemer,Unknown,True Legends IT Professionals,male
Oscar Bieleveld,Co-Founder,True Legends IT Professionals,male
Booking Petz,Unknown,Bookingpetz.com,male
Jasper Zeelenberg,Unknown,Retailisation,male
Jeroen Wiggers,Founder,TEAmwork tea,male
Sebastiaan Beltman,Founder,TEAmwork tea,male
Claartje Schröder,Unknown,TEAmwork tea,female
Marjolein Lubbers,CEO,Lockpoints,female
Laura Curtis,Founder,Bord en Stift,female
Liselotte Stolk,Founder,Bord en Stift,female
Charlotte van Leeuwen,Former,Bord en Stift,female
Maarten Valk,Co-Founder,Maison365,male
Ellen Snijder,Co-Founder,Maison365,female
Danie Bles,Former,Maison365,male
Daan Faber,Unknown,Mister Kitchen,male
Maxine Agyeman,Founder,Max&Bien,female
Jobien Groen,Founder,Max&Bien,female
Marieke Meulemans,CEO& Founder,Seuss+,female
Eline Antonissen,CEO& Founder,Seuss+,female
Chiel Muurling,Unknown,Seuss+,male
Kieran Canisius,Co-Founder,Seuss+,male
Sabine Hutchison,Co-Founder,Seuss+,female
Jan Hudecek,Unknown,Slide Score,male
Steven Dow,Unknown,123dressme,male
Cristina Stoian,Unknown,123dressme,female
Cristina Stoian,Former Co-Founder and Member of SAB,123dressme,female
Mark Wouters,Founder,Livelap,male
Mark Wouters,Founder,Livelap,male
Kjell van Milaan,Former Product Manager,Livelap,male
Nadina Galle,Co-Founder,Sea Going Green,female
Aleksandra (Ally) Dragozet,Co-Founder,Sea Going Green,female
Aleksandra Dragozet,Strategic Advisor,Sea Going Green,female
Philippos Papadopoulos,Director& Founder,Open Risk,male
Motassim el Bakali,Unknown,Emplysight,male
Melih Bas,Managing Director& Founder,Hotelforex,male
Eklimya Bilgin,Managing Director& Founder,Hotelforex,female
Melih Bas,Product Manager,Hotelforex,male
Nickolay Tsybulyanko,Co-Founder,The Good Plastic Company,male
William Chizhovsky,Co-Founder,The Good Plastic Company,male
Igor Svetlikov,CEO& Founder,The Good Plastic Company,male
Alexander Radchenko,CEO& Founder,The Good Plastic Company,male
Viktoriia Siedova,Consultant,The Good Plastic Company,female
Nick Petrychenko,PM,The Good Plastic Company,male
Kelly Fagan,Founder,Cultcha Kombucha,female
Kelly Fagan,Founder,Cultcha Kombucha,female
Pepijn de Visscher,Former Founder,Ideedock,male
Werner Vogels,Former Founder,Ideedock,male
Bas van Steen,Unknown,Ideedock,female
Hugo Noorlander,Advisor,Ideedock,male
Jonas Matser,Advisor,Ideedock,male
Willem Gosselt,Advisor,Ideedock,male
Rutger Hofste,CEO& Founder,Basic Water Needs,male
Dries de Kater,CEO& Founder,Basic Water Needs,male
Avinash Changa,CEO,WeMakeVR,male
Madara Pērkone,Founder,Māsa Organic,female
Madara Perkone,Founder,Māsa Organic,female
Assaf Nehoray,Unknown,Checklist.com,male
Jorg van der Ham,Web Developer,Iamb&b,male
Jorg van der Ham,Web Developer,Iamb&b,male
Saskia Verstege,Unknown,Iamb&b,female
Dirk Minnebo,Co-Founder,Iamb&b,male
Dirk Minnebo,Co-Founder,Iamb&b,male
Antoine Dumas-Martin,Unknown,Iamb&b,male
Jalal Mazneh,Co-Founder,ImmoWise,male
Marije Veen,Co-Founder,ImmoWise,female
Wouter Baltus,Co-Founder,TimeChimp,male
Hidde Ottens,Co-Founder,TimeChimp,male
Fred Al,Co-Founder,TimeChimp,male
Tiago Martins,CTO& Co-Founder,Songvice,male
Pedro Silva,CTO& Co-Founder,Songvice,male
Luís Dias,CEO,Songvice,male
Barney Graman,Co-founder & Content Director,Songvice,male
Henrique Caiano,Co-founder & Content Director,Songvice,male
Robbert Buijs,Board Member,OSRE WoningDossier,male
Edwin de Jonge,CEO,LEADR,male
Annette Wassenaar,Director& Co-Founder,Boostz,female
Maarten Graven,Co-Founder& CCO,Biro,male
Pieter Vermeer,Co-Founder& CCO,Biro,male
Arthur Vlug,Co-Founder& Senior Software Engineer,Gong Network,male
Valentina Vinci,Project Manager,insolitAmsterdam,female
Mike Van Rossum,Founder,Mobypicture,male
Rogier van Duyn,Founder,Mobypicture,male
Timan Rebel,Former Software Developer,Mobypicture,male
Ronald Treur,CEO& Founder,Mobypicture,male
Mathys van Abbe,CEO& Founder,Mobypicture,male
Werner Vogels,Former,Mobypicture,male
Glenn Wolters,Co-Founder,Mobypicture,male
Daan van der,Co-Founder,Mobypicture,male
Maxim Bours,CEO& Founder,Huispedia,male
Ramon Noordeloos,CEO& Founder,Huispedia,male
Peter Bosman,Co-owner,Nappkin,male
Simon D Meijer,CEO,COOLBACK,male
Jorrit Schaap,Founder,Suppleye,male
Bas Bergman,Founder,Suppleye,female
Frodo Watjer,CEO,Suppleye,male
Lindon (Phillip) Ross,CEO& Co-Founder,Bolt Mobile,male
Desley Mooij,Co-Founder,Seal,male
Joris Verschoor,Co-Founder,Seal,male
Dimitri Hehanussa,Founder,Sightlabs,male
Han Beekhuizen,Co-Founder and CLO,ClaimShare,male
Dirk-Jan van den Broek,Co-Founder and CLO,ClaimShare,male
Andrea D'Intino,Co-Founder& Sales,Dyne.org,female
Alex D'Elia (acme),Co-Founder& Sales,Dyne.org,male
Denis Roio,Sales & Marketing& Sales,Dyne.org,male
Rufus Franck,Owner,Consultants 500,male
Iris Van De Graaf,Co-Founder,Briiing.it,female
